,Код,Товар,Helium Volume,Minimum Weight Requirement,Maximum Elevation,Inflated Size,TM,img
1,42344, Happy Heart Day Hearts, 55100 -- 55100 -- 1.,0.0,0.0,"29""/73cm w x 29""/73cm h",Jumbo Sing-A-TuneВ® XLВ® P60 01,https://embed.widencdn.net/img/anagram/gepqby5e5d/1000px@1x/42344-Happy-Heart-Day-Hearts.webp
2,40679, Reason to Celebrate,-,0.0,0.0,"22""/55cm w x 22""/55cm h",Multi-Balloon P75 01,https://embed.widencdn.net/img/anagram/w6rqpurbxe/1000px@1x/40679-Reason-to-Celebrate.webp
3,40825, Love Mom Wreath,-,0.0,0.0,"30""/76cm w x 27""/68cm h",Multi-Balloon P47 01,https://embed.widencdn.net/img/anagram/vviiqngcsx/1000px@1x/40825-Love-Mom-Wreath-Front.webp
4,40825, Love Mom Wreath,-,0.0,0.0,"30""/76cm w x 27""/68cm h",Multi-Balloon P47 01,https://embed.widencdn.net/img/anagram/l0jcu7nyjz/1000px@1x/40825-Love-Mom-Wreath-Back.webp
5,40825, Love Mom Wreath,-,0.0,0.0,"30""/76cm w x 27""/68cm h",Multi-Balloon P47 01,https://embed.widencdn.net/img/anagram/jbu1bdpufc/1000px@1x/40825-Love-Mom-Wreath-ALT.webp
6,82852, Crystal Clearz Yellow, 1.33 ft3 (0.038 m3),-,7000.0,-,"Crystal Clearz S40 11, 02",https://embed.widencdn.net/img/anagram/dmoexw7p91/1000px@1x/82852-Crystal-Clearz-Yellow.jpg
7,82849, Crystal Clearz Light Pink, 1.33 ft3 (0.038 m3),-,7000.0,-,"Crystal Clearz S40 11, 02",https://embed.widencdn.net/img/anagram/0hxgcq0yqs/1000px@1x/82849-Crystal-Clearz-Light-Pink.jpg
8,82850, Crystal Clearz Orange, 1.33 ft3 (0.038 m3),-,7000.0,-,"Crystal Clearz S40 11, 02",https://embed.widencdn.net/img/anagram/o7gcazmeyq/1000px@1x/82850-Crystal-Clearz-Orange.jpg
9,82847, Crystal Clearz Blue, 1.33 ft3 (0.038 m3),-,7000.0,-,"Crystal Clearz S40 11, 02",https://embed.widencdn.net/img/anagram/zmxlkdiosc/1000px@1x/82847-Crystal-Clearz-Blue.jpg
10,82848, Crystal Clearz Dark Pink, 1.33 ft3 (0.038 m3),-,7000.0,-,"Crystal Clearz S40 11, 02",https://embed.widencdn.net/img/anagram/6xewjhpyqg/1000px@1x/82848-Crystal-Clearz-Dark-Pink.jpg
11,82841, Crystal Clearz (Pkg No Lights), 1.33 ft3 (0.038 m3),-,7000.0,-,"Crystal Clearz S40 11, 02",https://embed.widencdn.net/img/anagram/hom9x3cjgt/1000px@1x/82841-Crystal-Clearz---No-Lights.jpg
12,39193, I Love You MOM,-,0.0,0.0,"21""/53cm w x 66""/167cm h",Giant Multi-Balloon P70 01,https://embed.widencdn.net/img/anagram/pvsdgkfggl/1000px@1x/39193-I-Love-You-MOM.jpg
13,39744, Elegant Sixteen, 0.06 ft3 (0.002 m3),0.0,0.0,"30""/76cm w x 28""/71cm h",Multi-Balloon P75 01,https://embed.widencdn.net/img/anagram/obajyr33bm/1000px@1x/39744-Elegant-Sixteen.webp
14,39737, Sixteen Blush, 0.06 ft3 (0.002 m3),0.0,0.0,"36""/91cm w x 36""/91cm h",Multi-Balloon P75 01,https://embed.widencdn.net/img/anagram/xwhbnpeydo/1000px@1x/39737-Sixteen-Blush.webp
15,39723, Navy Wedding, 0.06 ft3 (0.002 m3),0.0,0.0,"36""/91cm w x 36""/91cm h",Multi-Balloon P75 01,https://embed.widencdn.net/img/anagram/kstybmngxw/1000px@1x/39723-Navy-Wedding.webp
16,39338," Grad Star, Cap & Diploma",-,0.0,0.0,"28""/71cm w x 28""/71cm h",Multi-Balloon XLВ® P47 01,https://embed.widencdn.net/img/anagram/sev3nbk8jo/1000px@1x/39338-Grad-Star-Cap--Diploma-Front.webp
17,39338," Grad Star, Cap & Diploma",-,0.0,0.0,"28""/71cm w x 28""/71cm h",Multi-Balloon XLВ® P47 01,https://embed.widencdn.net/img/anagram/31y9j3akvy/1000px@1x/39338-Grad-Star-Cap--Diploma-Back.webp
18,37431, Grad Cap Bubbles, 5.76 ft3 (0.163 m3),0.0,10000.0,"35""/88cm w x 61""/154cm h",Giant Multi-Balloon P70 01,https://embed.widencdn.net/img/anagram/a7r53pgf0s/1000px@1x/37431-Grad-Cap-Bubbles.webp
19,35603, Baby Face, 0.66 ft3 (0.019 m3),9.7,7500.0,"21""/53cm w x 21""/53cm h","21""/53cm ColorBlastВ® XLВ® S70 01, 02",https://embed.widencdn.net/img/anagram/cp1ylwui2h/1000px@1x/35603-Baby-Face.webp
20,35202, Sitting Baby,-,0.0,0.0,"13""/33cm w x 15""/38cm h",CI: Multi-Balloon A75 01,https://embed.widencdn.net/img/anagram/m12wezqhgl/1000px@1x/35202-Sitting-Baby.webp
21,34588, Thank You, 0.66 ft3 (0.019 m3),9.7,7500.0,"21""/53cm w x 21""/53cm h","21""/53cm ColorBlastВ® XLВ® S70 01, 02",https://embed.widencdn.net/img/anagram/8fumpinoxo/1000px@1x/34588-Thank-You.webp
22,28313, Sitting Leprechaun,-,0.0,0.0,"18""/45cm w x 22""/55cm h",CI: Multi-Balloon A75 01,https://embed.widencdn.net/img/anagram/uofw04ooph/1000px@1x/28313-Sitting-Leprechaun.webp
23,36887, Magical Unicorn,-,0.0,0.0,"22""/55cm w x 25""/63cm h",CI: Multi-Balloon A75 01,https://embed.widencdn.net/img/anagram/1yhotmhqqh/1000px@1x/36887-Magical-Unicorn.webp
24,39734, Blue Baby Boy, 0.06 ft3 (0.002 m3),0.0,0.0,"30""/76cm w x 28""/71cm h",Multi-Balloon P75 01,https://embed.widencdn.net/img/anagram/jng3l8ilmw/1000px@1x/39734-Blue-Baby-Boy.webp
25,39729, Pink Baby Girl, 0.06 ft3 (0.002 m3),0.0,0.0,"28""/71cm w x 28""/71cm h",Multi-Balloon P75 01,https://embed.widencdn.net/img/anagram/lod7vzsnnp/1000px@1x/39729-Pink-Baby-Girl.webp
26,39640, Get Well Flowery Fun, 0.66 ft3 (0.019 m3),9.7,7500.0,"21""/53cm w x 21""/53cm h","21""/53cm ColorBlastВ® XLВ® S70 01, 02",https://embed.widencdn.net/img/anagram/g0sk2zykzx/1000px@1x/39640-Get-Well-Flowery-Fun.webp
27,36403, Love Bubbles, 5.37 ft3 (0.152 m3),0.0,10000.0,"28""/71cm w x 53""/134cm h",Giant Multi-Balloon P70 01,https://embed.widencdn.net/img/anagram/dsblrt5duv/1000px@1x/36403-Love-Bubbles.webp
28,39038, Splatoon, 2.56 ft3 (0.073 m3),44.1,10000.0,-,"Jumbo Panoramic P45 01, 02",https://embed.widencdn.net/img/anagram/linff1sk72/1000px@1x/39038-Splatoon.webp
29,38436, Sitting Santa Grinch,-,0.0,0.0,"19""/48cm w x 24""/60cm h",CI: Multi-Balloon A80 01,https://embed.widencdn.net/img/anagram/pjgb0o3tkr/1000px@1x/38436-Grinch-Sitter.webp
30,36407, Love Flamingos, 2.03 ft3 (0.057 m3),0.0,7000.0,"46""/116cm w x 25""/63cm h",Giant Multi-Balloon XLВ® P70 01,https://embed.widencdn.net/img/anagram/v1x33awpsi/1000px@1x/36407-Love-Flamingos.webp
31,38486, Baby Boy Sunshine Fun, 0.66 ft3 (0.019 m3),9.7,7500.0,"21""/53cm w x 21""/53cm h","21""/53cm ColorBlastВ® XLВ® S70 01, 02",https://embed.widencdn.net/img/anagram/a3tptid22x/1000px@1x/38486-Baby-Boy-Sunshine-Fun.webp
32,39015, JoJo Siwa, 1.92 ft3 (0.054 m3),23.3,7000.0,"28""/71cm w x 28""/71cm h",Jumbo Sing-A-TuneВ® XLВ® P75 01,https://embed.widencdn.net/img/anagram/6oamessa0f/1000px@1x/39015-JoJo-Siwa.webp
33,39014, Vampirina, 1.92 ft3 (0.054 m3),23.3,7000.0,"28""/71cm w x 28""/71cm h",Jumbo Sing-A-TuneВ® XLВ® P75 01,https://embed.widencdn.net/img/anagram/xmw6om7lcy/1000px@1x/39014-Vampirina.webp
34,39036, MLP Friendship Adventure, 1.92 ft3 (0.054 m3),23.3,7000.0,"28""/71cm w x 28""/71cm h",Jumbo Sing-A-TuneВ® XLВ® P75 01,https://embed.widencdn.net/img/anagram/fxibyjovi1/1000px@1x/39036-MLP-Friendship-Adventures.webp
35,39010, MLP Friendship Adventures, 2.63 ft3 (0.074 m3),55.6,10000.0,"32""/81cm w x 32""/81cm h",SuperShape XLВ® Doo-Dads P75 99,https://embed.widencdn.net/img/anagram/1oxxo6ulth/1000px@1x/39010-MLP-Friendship-Adventures.webp
36,38502, Emoticon Baby Girl, 1.92 ft3 (0.054 m3),23.3,7000.0,"28""/71cm w x 28""/71cm h",Jumbo Sing-A-TuneВ® XLВ® P60 01,https://embed.widencdn.net/img/anagram/4ppzwp5xhg/1000px@1x/38502-Emoticon-Baby-Girl.webp
37,38503, Emoticon Baby Boy, 1.92 ft3 (0.054 m3),23.3,7000.0,"28""/71cm w x 28""/71cm h",Jumbo Sing-A-TuneВ® XLВ® P60 01,https://embed.widencdn.net/img/anagram/pbpekgowej/1000px@1x/38503-Emoticon-Baby-Boy.webp
38,36698," Script Phrase ""Party"" Gold",-,0.0,0.0,"39""/99cm w x 31""/78cm h",CI: Phrases G40 11,https://embed.widencdn.net/img/anagram/4u0xlum6mn/1000px@1x/36698-Script-Phrase-Party-Gold.webp
39,36697," Script Phrase ""Party"" Silver",-,0.0,0.0,"39""/99cm w x 31""/78cm h",CI: Phrases G40 11,https://embed.widencdn.net/img/anagram/bmzfjxaha2/1000px@1x/36697-Script-Phrase-Party-Silver.webp
40,36696," Script Phrase ""Love"" Gold",-,0.0,0.0,-,CI: Phrases G40 11,https://embed.widencdn.net/img/anagram/bw4kopyl3v/1000px@1x/36696-Script-Phrase-Love-Gold.webp
41,36695," Script Phrase ""Love"" Silver",-,0.0,0.0,-,CI: Phrases G40 11,https://embed.widencdn.net/img/anagram/igfrzbqq8u/1000px@1x/36695-Script-Phrase-Love-Silver.webp
42,36694," Script Phrase ""Yay!"" Gold",-,0.0,0.0,"35""/88cm w x 25""/63cm h",CI: Phrases G40 11,https://embed.widencdn.net/img/anagram/esnzswsoxy/1000px@1x/36694-Script-Phrase-Yay-Gold.webp
43,36693," Script Phrase ""Yay!"" Silver",-,0.0,0.0,"35""/88cm w x 25""/63cm h",CI: Phrases G40 11,https://embed.widencdn.net/img/anagram/k3tbgs23mv/1000px@1x/36693-Script-Phrase-Yay-Silver.webp
44,36692," Script Phrase ""Hello"" Gold", 0.19 ft3 (0.005 m3),-1.0,-1.0,"39""/99cm w x 22""/55cm h",CI: Phrases G40 11,https://embed.widencdn.net/img/anagram/u1hqmo6jmz/1000px@1x/36692-Script-Phrase-Hello-Gold.webp
45,36691," Script Phrase ""Hello"" Silver", 0.19 ft3 (0.005 m3),-1.0,-1.0,"39""/99cm w x 22""/55cm h",CI: Phrases G40 11,https://embed.widencdn.net/img/anagram/vzx2p8fyby/1000px@1x/36691-Script-Phrase-Hello-Silver.webp
46,36690," Script Phrase ""Baby"" Gold",-,0.0,0.0,"39""/99cm w x 33""/83cm h",CI: Phrases G40 11,https://embed.widencdn.net/img/anagram/ywb41qqilo/1000px@1x/36690-Script-Phrase-Baby-Gold.webp
47,36688," Script Phrase ""Baby"" Silver",-,0.0,0.0,"39""/99cm w x 33""/83cm h",CI: Phrases G40 11,https://embed.widencdn.net/img/anagram/2xisxa5jya/1000px@1x/36688-Script-Phrase-Baby-Silver.webp
48,38708, What I Like About You Tapes, 1.95 ft3 (0.055 m3),23.4,7000.0,"29""/74cm w x 29""/74cm h",Jumbo Sing-A-TuneВ® XLВ® P60 01,https://embed.widencdn.net/img/anagram/wiqz5jknyi/1000px@1x/38708-What-I-Like-About-You-Tapes.webp
49,38448, LOL Surprise, 1.14 ft3 (0.032 m3),30.3,10000.0,-,OrbzВ® XL Clear G40 01,https://embed.widencdn.net/img/anagram/vgkstvl0tx/1000px@1x/38448-LOL-Surprise-Front--Back.webp
50,36880," Script Phrase ""Cheers"" Silver",-,0.0,0.0,"40""/101cm w x 21""/53cm h",CI: Phrases G40 11,https://embed.widencdn.net/img/anagram/ry9rnithbu/1000px@1x/36880-Script-Phrase-Cheers-Silver.webp
51,37936," Script Phrase ""Happy Bday"" Silver",-,0.0,0.0,-,CI: Phrases G50 11,https://embed.widencdn.net/img/anagram/e2cyaaoaze/1000px@1x/37936-Script-Phrase-Happy-Bday-Silver.webp
52,37988, Birthday Banner, 2.60 ft3 (0.074 m3),51.0,10000.0,-,Jumbo Drop-A-Line Holographic P75 01,https://embed.widencdn.net/img/anagram/o12mrmw8ac/1000px@1x/37988-Birthday-Banner.webp
53,36881," Script Phrase ""Cheers"" Gold",-,0.0,0.0,"40""/101cm w x 21""/53cm h",CI: Phrases G40 11,https://embed.widencdn.net/img/anagram/fjip60cu4k/1000px@1x/36881-Script-Phrase-Cheers-Gold.webp
54,37657," Script Phrase ""Bday"" Silver",-,0.0,0.0,"37""/93cm w x 27""/68cm h",CI: Phrases G40 11,https://embed.widencdn.net/img/anagram/yeulteioev/1000px@1x/37657-Script-Phrase-Bday-Silver.webp
55,37656," Script Phrase ""Happy"" Silver",-,0.0,0.0,"39""/99cm w x 27""/68cm h",CI: Phrases G40 11,https://embed.widencdn.net/img/anagram/0n1sctfzuz/1000px@1x/37656-Script-Phrase-Happy-Silver.webp
56,37644," Script Phrase ""Happy"" Gold",-,0.0,0.0,"39""/99cm w x 27""/68cm h",CI: Phrases G40 11,https://embed.widencdn.net/img/anagram/taotsuicms/1000px@1x/37644-Script-Phrase-Happy-Gold.webp
57,36679, PJ Masks, 1.92 ft3 (0.054 m3),23.3,7000.0,"28""/71cm w x 28""/71cm h",Jumbo Sing-A-TuneВ® XLВ® P75 01,https://embed.widencdn.net/img/anagram/jg9iqvopjp/1000px@1x/36679-PJ-Masks.webp
58,36680, Shimmer and Shine, 1.92 ft3 (0.054 m3),23.3,7000.0,"28""/71cm w x 28""/71cm h",Jumbo Sing-A-TuneВ® XLВ® P75 01,https://embed.widencdn.net/img/anagram/hukr4ugbxa/1000px@1x/36680-Shimmer--Shine.webp
59,11301, Birthday Swirl,-,0.0,0.0,"32""/81cm w x 32""/81cm h",SuperShape InsidersВ® Dangler P70 05,https://embed.widencdn.net/img/anagram/je7xhrxhye/1000px@1x/11301-Birthday-Swirl.webp
60,36323, Mickey Roadster Racers, 1.92 ft3 (0.054 m3),23.3,7000.0,"28""/71cm w x 28""/71cm h",Jumbo Sing-A-TuneВ® XLВ® P75 01,https://embed.widencdn.net/img/anagram/dtrhr8rvij/1000px@1x/36323-Mickey-On-The-Go-Birthday.webp
61,36590, LOL Emoticons Happy Birthday, 1.92 ft3 (0.054 m3),23.3,7000.0,"28""/71cm w x 28""/71cm h",Jumbo Sing-A-TuneВ® XLВ® P60 01,https://embed.widencdn.net/img/anagram/qbbu2zenp2/1000px@1x/36590-LOL-Emoticons-Happy-Birthday.webp
62,36336, Disney Princess, 1.92 ft3 (0.054 m3),23.3,7000.0,"28""/71cm w x 28""/71cm h",Jumbo Sing-A-TuneВ® XLВ® P75 01,https://embed.widencdn.net/img/anagram/b5swgt5rad/1000px@1x/36336-Disney-Princess.webp
63,36678, Elena of Avalor, 1.92 ft3 (0.054 m3),23.3,7000.0,"28""/71cm w x 28""/71cm h",Jumbo Sing-A-TuneВ® XLВ® P75 01,https://embed.widencdn.net/img/anagram/mdaoqqjt2d/1000px@1x/36678-Elena-of-Avalor.webp
64,35014, Gotta Wear Shades Grad, 1.92 ft3 (0.054 m3),23.3,7000.0,"28""/71cm w x 28""/71cm h",Jumbo Sing-A-TuneВ® XLВ® P60 01,https://embed.widencdn.net/img/anagram/f2urnf8lkp/1000px@1x/35014-Gotta-Wear-Shades-Grad.webp
65,34315, Got My Mind Set on You, 1.95 ft3 (0.055 m3),23.4,7000.0,"29""/74cm w x 29""/74cm h",Jumbo Sing-A-TuneВ® XLВ® P60 01,https://embed.widencdn.net/img/anagram/kg9ejebmra/1000px@1x/34315-Got-My-Mind-Set-on-You.webp
66,31844, HVD Graphic Stripe, 0.69 ft3 (0.020 m3),11.5,8500.0,"21""/53cm w x 21""/53cm h","21""/53cm ColorBlastВ® XLВ® S70 01, 02",https://embed.widencdn.net/img/anagram/q3ftxpefem/1000px@1x/31844-HVD-Graphic-Stripe.webp
67,31657, Sofia the First, 1.92 ft3 (0.054 m3),23.3,7000.0,"28""/71cm w x 28""/71cm h",Jumbo Sing-A-TuneВ® XLВ® P75 01,https://embed.widencdn.net/img/anagram/at2yp37hmb/1000px@1x/31657-Sofia-the-First.webp
68,31654, Star Wars, 1.92 ft3 (0.054 m3),23.3,7000.0,"28""/71cm w x 28""/71cm h",Jumbo Sing-A-TuneВ® XLВ® P75 01,https://embed.widencdn.net/img/anagram/ugkeu6qa8p/1000px@1x/31654-Star-Wars.webp
69,30324, Frozen, 1.92 ft3 (0.054 m3),23.3,7000.0,"28""/71cm w x 28""/71cm h",Jumbo Sing-A-TuneВ® XLВ® P75 01,https://embed.widencdn.net/img/anagram/eb6k1dejef/1000px@1x/30324-Frozen.webp
70,30004, So Fabulous Birthday, 1.92 ft3 (0.054 m3),23.3,7000.0,"28""/71cm w x 28""/71cm h",Jumbo Sing-A-TuneВ® XLВ® P60 01,https://embed.widencdn.net/img/anagram/uzmoug1hnp/1000px@1x/30004-So-Fabulous-Birthday.webp
71,26869, Happy BDay to You Dots, 1.92 ft3 (0.054 m3),23.3,7000.0,"28""/71cm w x 28""/71cm h",Jumbo Sing-A-TuneВ® XLВ® P60 01,https://embed.widencdn.net/img/anagram/zeeeqaiyk0/1000px@1x/26869-Happy-BDay-to-You-Dots.webp
72,21708, Dora Birthday/Cumpleanos, 1.92 ft3 (0.054 m3),23.3,7000.0,"28""/71cm w x 28""/71cm h",Jumbo Sing-A-TuneВ® XLВ® P75 01,https://embed.widencdn.net/img/anagram/q0ytbo0wd1/1000px@1x/21708-Dora-Birthday-Cumpleaos.webp
73,21705, SpongeBob Birthday, 1.92 ft3 (0.054 m3),23.3,7000.0,"28""/71cm w x 28""/71cm h",Jumbo Sing-A-TuneВ® XLВ® P75 01,https://embed.widencdn.net/img/anagram/lahlkwceya/1000px@1x/21705-SpongeBob-Birthday.webp
74,20707, Another Year of Fabulous, 2.79 ft3 (0.079 m3),61.3,10000.0,"32""/81cm w x 32""/81cm h",SuperShape XLВ® Doo-Dads P75 99,https://embed.widencdn.net/img/anagram/lwbbpbxvyl/1000px@1x/20707-Another-Year-of-Fabulous.webp
75,21716, Elmo Birthday, 1.92 ft3 (0.054 m3),23.3,7000.0,"28""/71cm w x 28""/71cm h",Jumbo Sing-A-TuneВ® XLВ® P75 01,https://embed.widencdn.net/img/anagram/pppal3cwll/1000px@1x/21716-Elmo-Birthday.webp
76,22068, Sweet Baby Girl, 1.92 ft3 (0.054 m3),23.3,7000.0,"28""/71cm w x 28""/71cm h",Jumbo Sing-A-TuneВ® XLВ® P60 01,https://embed.widencdn.net/img/anagram/bfqwgwb0tv/1000px@1x/22068-Sweet-Baby-Girl.webp
77,11317, Happy Birthday, 2.61 ft3 (0.074 m3),54.6,10000.0,"32""/81cm w x 32""/81cm h",SuperShape Doo-Dads P75 99,https://embed.widencdn.net/img/anagram/0tbi8do66d/1000px@1x/11317-Happy-Birthday.webp
78,36550, Sparkling Gold Wedding, 2.79 ft3 (0.079 m3),61.3,10000.0,"32""/81cm w x 32""/81cm h",SuperShape XLВ® Doo-Dads P75 99,https://embed.widencdn.net/img/anagram/xhphtwo7ou/1000px@1x/36550-Sparkling-Gold-Wedding.webp
79,12645, Happy Birthday Faces, 1.92 ft3 (0.054 m3),23.3,7000.0,"28""/71cm w x 28""/71cm h",Jumbo Sing-A-TuneВ® XLВ® P60 01,https://embed.widencdn.net/img/anagram/diedmqaxyj/1000px@1x/12645-Happy-Birthday-Faces.webp
80,35376, Cars, 1.92 ft3 (0.054 m3),23.3,7000.0,"28""/71cm w x 28""/71cm h",Jumbo Sing-A-TuneВ® XLВ® P75 01,https://embed.widencdn.net/img/anagram/dtf5vpmajz/1000px@1x/35376-Cars.webp
81,40908, The World is Yours, 1.42 ft3 (0.040 m3),20.5,8500.0,"16""/40cm w x 20""/50cm h",UltraShapeВ® P60 01,https://embed.widencdn.net/img/anagram/rqi83ixfaz/1000px@1x/40908-The-World-is-Yours-Side.webp
82,40908, The World is Yours, 1.42 ft3 (0.040 m3),20.5,8500.0,"16""/40cm w x 20""/50cm h",UltraShapeВ® P60 01,https://embed.widencdn.net/img/anagram/nyqy25v6qh/1000px@1x/40908-The-World-is-Yours-Front.webp
83,40908, The World is Yours, 1.42 ft3 (0.040 m3),20.5,8500.0,"16""/40cm w x 20""/50cm h",UltraShapeВ® P60 01,https://embed.widencdn.net/img/anagram/vuoyvlxokn/1000px@1x/40908-The-World-is-Yours-Angle-2.webp
84,40908, The World is Yours, 1.42 ft3 (0.040 m3),20.5,8500.0,"16""/40cm w x 20""/50cm h",UltraShapeВ® P60 01,https://embed.widencdn.net/img/anagram/ey05gmomqs/1000px@1x/40908-The-World-is-Yours-Angle-1.webp
85,35676, HBD Make a Wish, 1.51 ft3 (0.043 m3),27.6,10000.0,"17""/43cm w x 21""/53cm h",UltraShapeВ® AnglezВ® G20 01,https://embed.widencdn.net/img/anagram/2tg3clm2me/1000px@1x/35676-HBD-Make-A-Wish-Sides.jpg
86,35676, HBD Make a Wish, 1.51 ft3 (0.043 m3),27.6,10000.0,"17""/43cm w x 21""/53cm h",UltraShapeВ® AnglezВ® G20 01,https://embed.widencdn.net/img/anagram/clnoosxh5t/1000px@1x/35676-HBD-Make-A-Wish-Front--Back.webp
87,30691, Welcome Baby Girl Butterfly,-,0.0,0.0,"15""/38cm w x 15""/38cm h",UltraShapeВ® CubezВ® G20 01,https://embed.widencdn.net/img/anagram/qpjn7vvggk/1000px@1x/30691-Welcome-Baby-Girl-Butterfly-Front--Back.jpg
88,30690, Welcome Baby Boy Train,-,0.0,0.0,"15""/38cm w x 15""/38cm h",UltraShapeВ® CubezВ® G20 01,https://embed.widencdn.net/img/anagram/jhrnvknxlj/1000px@1x/30690-Welcome-Baby-Boy-Train-Sides.jpg
89,30690, Welcome Baby Boy Train,-,0.0,0.0,"15""/38cm w x 15""/38cm h",UltraShapeВ® CubezВ® G20 01,https://embed.widencdn.net/img/anagram/cavcxfrivc/1000px@1x/30690-Welcome-Baby-Boy-Train-Front--Back.webp
90,28785, Bright Dots Congrats,-,0.0,0.0,"15""/38cm w x 17""/43cm h",UltraShapeВ® DiamondzВ® G20 01,https://embed.widencdn.net/img/anagram/7getnjloiy/1000px@1x/28785-Bright-Dots-Congrats-Front--Back.jpg
91,28785, Bright Dots Congrats,-,0.0,0.0,"15""/38cm w x 17""/43cm h",UltraShapeВ® DiamondzВ® G20 01,https://embed.widencdn.net/img/anagram/xyx9qxiquz/1000px@1x/28785-Bright-Dots-Congrats-Sides.jpg
92,28384, Way to Go! Congrats Cube,-,0.0,0.0,"15""/38cm w x 15""/38cm h",UltraShapeВ® CubezВ® G20 01,https://embed.widencdn.net/img/anagram/qcsvl6ty8h/1000px@1x/28384-Way-to-Go-Congrats-Cube-Front--Back.webp
93,28384, Way to Go! Congrats Cube,-,0.0,0.0,"15""/38cm w x 15""/38cm h",UltraShapeВ® CubezВ® G20 01,https://embed.widencdn.net/img/anagram/tgfoihho9r/1000px@1x/28384-Way-to-Go-Congrats-Cube-Sides.webp
94,28213, Cone HBD Party Time,-,0.0,0.0,"15""/38cm w x 17""/43cm h",UltraShapeВ® DiamondzВ® G20 01,https://embed.widencdn.net/img/anagram/ofm4aczmew/1000px@1x/28213-Cone-HBD-Party-Time-Side-1.jpg
95,28213, Cone HBD Party Time,-,0.0,0.0,"15""/38cm w x 17""/43cm h",UltraShapeВ® DiamondzВ® G20 01,https://embed.widencdn.net/img/anagram/jv1xhor1uv/1000px@1x/28213-Cone-HBD-Party-Time-Side-2.jpg
96,35654, It's Your Birthday Sketchy,-,0.0,0.0,"15""/38cm w x 15""/38cm h",UltraShapeВ® CubezВ® G20 01,https://embed.widencdn.net/img/anagram/7hiafpkslv/1000px@1x/35654-Its-Your-Birthday-Sketchy-Side.jpg
97,35654, It's Your Birthday Sketchy,-,0.0,0.0,"15""/38cm w x 15""/38cm h",UltraShapeВ® CubezВ® G20 01,https://embed.widencdn.net/img/anagram/q7gzky5gcu/1000px@1x/35654-Its-Your-Birthday-Sketchy-Front.webp
98,35167, HBD Black & White,-,0.0,0.0,"15""/38cm w x 17""/43cm h",UltraShapeВ® DiamondzВ® G20 01,https://embed.widencdn.net/img/anagram/qmyovawvix/1000px@1x/35167-HBD-Black---White-Sides.jpg
99,35167, HBD Black & White,-,0.0,0.0,"15""/38cm w x 17""/43cm h",UltraShapeВ® DiamondzВ® G20 01,https://embed.widencdn.net/img/anagram/7xx149erz0/1000px@1x/35167-HBD-Black---White-Front--Back.jpg
100,34888, Assistant's Day Stripes,-,0.0,0.0,"15""/38cm w x 17""/43cm h",UltraShapeВ® DiamondzВ® G20 01,https://embed.widencdn.net/img/anagram/o1zqtdamry/1000px@1x/34888-Assistants-Day-Stripes-Sides.jpg
101,34888, Assistant's Day Stripes,-,0.0,0.0,"15""/38cm w x 17""/43cm h",UltraShapeВ® DiamondzВ® G20 01,https://embed.widencdn.net/img/anagram/wvr6kscfx4/1000px@1x/34888-Assistants-Day-Stripes-Front--Back.webp
102,30691, Welcome Baby Girl Butterfly,-,0.0,0.0,"15""/38cm w x 15""/38cm h",UltraShapeВ® CubezВ® G20 01,https://embed.widencdn.net/img/anagram/bmq6fzgxm8/1000px@1x/30691-Welcome-Baby-Girl-Butterfly-Sides.jpg
103,32537, Brilliant Birthday,-,0.0,0.0,"15""/38cm w x 15""/38cm h",UltraShapeВ® CubezВ® G20 01,https://embed.widencdn.net/img/anagram/jlp2irqepu/1000px@1x/32537-Brilliant-Birthday.webp
104,32251, T-Rex, 1.19 ft3 (0.034 m3),16.6,6000.0,"36""/91cm w x 30""/76cm h",UltraShapeВ® P47 01,https://embed.widencdn.net/img/anagram/maslotia3a/1000px@1x/32251-T-Rex.webp
105,31234, Golden Dog, 1.25 ft3 (0.035 m3),15.8,6000.0,"36""/91cm w x 24""/60cm h",UltraShapeВ® P47 01,https://embed.widencdn.net/img/anagram/caqqvnzpca/1000px@1x/31234-Golden-Dog.webp
106,07063, Bundle of Joy Stork - It's A Boy, 1.51 ft3 (0.043 m3),0.0,6000.0,"""/cm w x ""/cm h",Multi-Balloon P75 01,https://embed.widencdn.net/img/anagram/5zsvxnxsim/1000px@1x/07063-Bundle-of-Joy-Stork---Its-A-Boy.webp
107,07026, Bundle of Joy Stork - It's A Girl, 1.51 ft3 (0.043 m3),0.0,6000.0,"""/cm w x ""/cm h",Multi-Balloon P75 01,https://embed.widencdn.net/img/anagram/oe0xrpszjo/1000px@1x/07026-Bundle-of-Joy-Stork---Its-A-Girl.webp
108,39607, Happy Happy Happy It's Your Day, 1.20 ft3 (0.034 m3),20.2,10000.0,"15""/38cm w x 25""/63cm h",UltraShapeВ® AnglezВ® G20 01,https://embed.widencdn.net/img/anagram/nhaijb3a05/1000px@1x/39607-Happy-Happy-Happy-Its-Your-Day-Front.webp
109,39607, Happy Happy Happy It's Your Day, 1.20 ft3 (0.034 m3),20.2,10000.0,"15""/38cm w x 25""/63cm h",UltraShapeВ® AnglezВ® G20 01,https://embed.widencdn.net/img/anagram/xzp25oht29/1000px@1x/39607-Happy-Happy-Happy-Its-Your-Day-Side.webp
110,39631, Happy Birthday Gradient Swirls,-,0.0,0.0,"15""/38cm w x 15""/38cm h",UltraShapeВ® CubezВ® G20 01,https://embed.widencdn.net/img/anagram/6cdi1gvlry/1000px@1x/39631-Happy-Birthday-Gradient-Swirls.webp
111,18031, Disco Ball, 0.82 ft3 (0.023 m3),13.5,10000.0,"15""/38cm w x 15""/38cm h","Holographic UltrashapeВ® P47 01, 02",https://embed.widencdn.net/img/anagram/kjut5rhidt/1000px@1x/18031-Disco-Ball.webp
112,34662, Avengers,-,0.0,0.0,"15""/38cm w x 15""/38cm h",UltraShapeВ® CubezВ® G40 01,https://embed.widencdn.net/img/anagram/dzosbkhane/1000px@1x/34662-Avengers-Front--Back.webp
113,34662, Avengers,-,0.0,0.0,"15""/38cm w x 15""/38cm h",UltraShapeВ® CubezВ® G40 01,https://embed.widencdn.net/img/anagram/rqjujyoz8y/1000px@1x/34662-Avengers-Sides.webp
114,33718, Duct Tape Get Well Soon,-,0.0,0.0,"15""/38cm w x 15""/38cm h",UltraShapeВ® CubezВ® G20 01,https://embed.widencdn.net/img/anagram/gxb2uaw6tm/1000px@1x/33718-Duct-Tape-Get-Well-Soon-Sides.webp
115,33718, Duct Tape Get Well Soon,-,0.0,0.0,"15""/38cm w x 15""/38cm h",UltraShapeВ® CubezВ® G20 01,https://embed.widencdn.net/img/anagram/fogo5h2z3y/1000px@1x/33718-Duct-Tape-Get-Well-Soon-Front--Back.webp
116,32275, Paw Patrol,-,0.0,0.0,"15""/38cm w x 15""/38cm h",UltraShapeВ® CubezВ® G40 01,https://embed.widencdn.net/img/anagram/w2i17cehjg/1000px@1x/32275-Paw-Patrol-Right-Side.webp
117,32275, Paw Patrol,-,0.0,0.0,"15""/38cm w x 15""/38cm h",UltraShapeВ® CubezВ® G40 01,https://embed.widencdn.net/img/anagram/m575lke8go/1000px@1x/32275-Paw-Patrol-Back-Side.webp
118,32275, Paw Patrol,-,0.0,0.0,"15""/38cm w x 15""/38cm h",UltraShapeВ® CubezВ® G40 01,https://embed.widencdn.net/img/anagram/dpfuzee5xu/1000px@1x/32275-Paw-Patrol-Front-Side.webp
119,32275, Paw Patrol,-,0.0,0.0,"15""/38cm w x 15""/38cm h",UltraShapeВ® CubezВ® G40 01,https://embed.widencdn.net/img/anagram/lmeokd4lvl/1000px@1x/32275-Paw-Patrol-Left-Side.webp
120,32012, Mario Bros.,-,0.0,0.0,"15""/38cm w x 15""/38cm h",UltraShapeВ® CubezВ® G40 01,https://embed.widencdn.net/img/anagram/oypj3am7qf/1000px@1x/32012-Mario-Bros.webp
121,32012, Mario Bros.,-,0.0,0.0,"15""/38cm w x 15""/38cm h",UltraShapeВ® CubezВ® G40 01,https://embed.widencdn.net/img/anagram/rposzqiyit/1000px@1x/32012-Mario-Bros.webp
122,32012, Mario Bros.,-,0.0,0.0,"15""/38cm w x 15""/38cm h",UltraShapeВ® CubezВ® G40 01,https://embed.widencdn.net/img/anagram/gfi1twqmcl/1000px@1x/32012-Mario-Bros.webp
123,32012, Mario Bros.,-,0.0,0.0,"15""/38cm w x 15""/38cm h",UltraShapeВ® CubezВ® G40 01,https://embed.widencdn.net/img/anagram/k8odyqgu2a/1000px@1x/32012-Mario-Bros.webp
124,31232, Sea Buddies - Sea Turtle, 1.80 ft3 (0.051 m3),28.1,7500.0,"31""/78cm w x 20""/50cm h",UltraShapeВ® P41 01,https://embed.widencdn.net/img/anagram/bzb5bv1ovd/1000px@1x/31232-Silly-Sea-Turtle-Back-Side.webp
125,31232, Sea Buddies - Sea Turtle, 1.80 ft3 (0.051 m3),28.1,7500.0,"31""/78cm w x 20""/50cm h",UltraShapeВ® P41 01,https://embed.widencdn.net/img/anagram/84jdxxp5bs/1000px@1x/31232-Silly-Sea-Turtle-Front-Side.webp
126,28460, Disney Planes,-,0.0,0.0,"15""/38cm w x 15""/38cm h",UltraShapeВ® CubezВ® G40 01,https://embed.widencdn.net/img/anagram/d3evn6fjke/1000px@1x/28460-Disney-Planes-Side-1.webp
127,28460, Disney Planes,-,0.0,0.0,"15""/38cm w x 15""/38cm h",UltraShapeВ® CubezВ® G40 01,https://embed.widencdn.net/img/anagram/1cp6jvqzdg/1000px@1x/28460-Disney-Planes-Side-2.webp
128,28460, Disney Planes,-,0.0,0.0,"15""/38cm w x 15""/38cm h",UltraShapeВ® CubezВ® G40 01,https://embed.widencdn.net/img/anagram/iunqui05rs/1000px@1x/28460-Disney-Planes-Side-4.webp
129,28460, Disney Planes,-,0.0,0.0,"15""/38cm w x 15""/38cm h",UltraShapeВ® CubezВ® G40 01,https://embed.widencdn.net/img/anagram/98tvzg2lur/1000px@1x/28460-Disney-Planes-Side-3.webp
130,36778, Spider-Man,-,0.0,0.0,"15""/38cm w x 15""/38cm h",UltraShapeВ® CubezВ® G40 01,https://embed.widencdn.net/img/anagram/up5njxmlnz/1000px@1x/36778-Spider-Man-Right-Side.webp
131,36778, Spider-Man,-,0.0,0.0,"15""/38cm w x 15""/38cm h",UltraShapeВ® CubezВ® G40 01,https://embed.widencdn.net/img/anagram/kesu63vwhg/1000px@1x/36778-Spider-Man-Front-Side.webp
132,36778, Spider-Man,-,0.0,0.0,"15""/38cm w x 15""/38cm h",UltraShapeВ® CubezВ® G40 01,https://embed.widencdn.net/img/anagram/rr1nyexval/1000px@1x/36778-Spider-Man-Back-Side.webp
133,39225, Fiesta Pinata, 1.33 ft3 (0.038 m3),17.5,6000.0,"29""/73cm w x 33""/83cm h","SuperShape XLВ® P35 01, 02",https://embed.widencdn.net/img/anagram/y9fnbmuqy2/1000px@1x/39225-Fiesta-Pinata.webp
134,40347, Star Wars The Rise of Skywalker, 2.16 ft3 (0.061 m3),46.7,10000.0,"22""/55cm w x 23""/58cm h","SuperShape XLВ® P38 01, 02",https://embed.widencdn.net/img/anagram/ks52zpvnro/1000px@1x/40347-Star-Wars-The-Rise-of-Skywalker.webp
135,08052, Prismatic Snowflake Cluster, 1.36 ft3 (0.039 m3),10.8,2500.0,"32""/80cm w x 30""/75cm h",Holographic SuperShape P50 02,https://embed.widencdn.net/img/anagram/q4cokkewax/1000px@1x/08052-Prismatic-Snowflake-Cluster.webp
136,28316, Disney Frozen Olaf, 1.44 ft3 (0.041 m3),21.6,6000.0,"23""/58cm w x 41""/104cm h","SuperShape XLВ® P38 01, 02",https://embed.widencdn.net/img/anagram/qgwn3zz2ky/1000px@1x/28316-Disney-Frozen-Olaf.webp
137,39691, Just Chillin' Popsicle, 1.86 ft3 (0.053 m3),36.4,10000.0,"18""/45cm w x 30""/76cm h","SuperShape XLВ® P35 01, 02",https://embed.widencdn.net/img/anagram/swxqi7yoea/1000px@1x/39691-Just-Chillin-Popsicle.webp
138,39574, Future Dreams Apple, 2.37 ft3 (0.067 m3),0.0,10000.0,"23""/58cm w x 27""/68cm h",SuperShape P35 01,https://embed.widencdn.net/img/anagram/ehu2knf9b9/1000px@1x/39574-Future-Dreams-Apple.webp
139,39543, Galloping Horse, 1.39 ft3 (0.039 m3),17.9,6500.0,"40""/101cm w x 25""/63cm h","SuperShape P35 01, 02",https://embed.widencdn.net/img/anagram/mnla3epbtv/1000px@1x/39543-Galloping-Horse.webp
140,39536, Papel Picado Fiesta Cluster, 1.34 ft3 (0.038 m3),16.9,7500.0,"31""/78cm w x 32""/81cm h","SuperShape P40 01, 02",https://embed.widencdn.net/img/anagram/gdn03ibzho/1000px@1x/39536-Papel-Picado-Fiesta-Cluster.webp
141,39378, Iridescent Pink Flamingo, 1.36 ft3 (0.039 m3),18.8,6000.0,"28""/71cm w x 33""/83cm h",Holographic SuperShapeВ® P45 01,https://embed.widencdn.net/img/anagram/inghwv7hyr/1000px@1x/39378-Iridescent-Pink-Flamingo.webp
142,39376, Iridescent Blue Dolphin, 1.23 ft3 (0.035 m3),16.4,6500.0,"29""/73cm w x 27""/68cm h","Holographic SuperShape P40 01, 02",https://embed.widencdn.net/img/anagram/mv2rqzqipl/1000px@1x/39376-Iridescent-Blue-Dolphin.webp
143,39339, #1 Teacher, 1.74 ft3 (0.049 m3),22.5,8500.0,"38""/96cm w x 26""/66cm h","SuperShape XLВ® P35 01, 02",https://embed.widencdn.net/img/anagram/r894kmjs6d/1000px@1x/39339-No1-Teacher.webp
144,34573, Happy Monkey, 1.27 ft3 (0.036 m3),17.1,7500.0,"25""/63cm w x 36""/91cm h","SuperShape XLВ® P35 01, 02",https://embed.widencdn.net/img/anagram/gg96vno8tm/1000px@1x/34573-Happy-Monkey.webp
145,31855, Fleur de Lis, 1.43 ft3 (0.040 m3),17.8,6000.0,"32""/81cm w x 38""/96cm h","SuperShape P35 01, 02",https://embed.widencdn.net/img/anagram/v95yxyhip3/1000px@1x/31855-Fleur-de-Lis.webp
146,31227, Happy B-D-A-Y,-,0.0,-1.0,"56""/142cm w x 36""/91cm h",Multi-Balloon P80 01,https://embed.widencdn.net/img/anagram/q4kvkkfvxp/1000px@1x/31227-Happy-B-D-A-Y.webp
147,30483, Watermelon, 2.21 ft3 (0.063 m3),41.7,10000.0,"32""/81cm w x 16""/40cm h","SuperShape P35 01, 02",https://embed.widencdn.net/img/anagram/ehb6bwhumk/1000px@1x/30483-Watermelon.webp
148,30028, Holiday Candy Cane, 1.20 ft3 (0.034 m3),13.9,6000.0,"20""/50cm w x 37""/93cm h","SuperShape XLВ® P35 01, 02",https://embed.widencdn.net/img/anagram/lvtz0ylhfi/1000px@1x/30028-Holiday-Candy-Cane.webp
149,28950, Summer Scene Palm Tree, 1.39 ft3 (0.039 m3),16.5,6500.0,"29""/74cm w x 33""/83cm h","SuperShape XLВ® P30 01, 02",https://embed.widencdn.net/img/anagram/aap5fgkzx1/1000px@1x/28950-Summer-Scene-Palm-Tree.webp
150,27696, Black Mustache, 0.80 ft3 (0.023 m3),13.7,6000.0,"35""/88cm w x 12""/30cm h","SuperShape P30 01, 02",https://embed.widencdn.net/img/anagram/4sagkq667s/1000px@1x/27696-Black-Mustache.webp
151,27638, Love You Ruffle, 2.09 ft3 (0.059 m3),29.9,8500.0,"28""/71cm w x 28""/71cm h","SuperShape XLВ® P35 01, 02",https://embed.widencdn.net/img/anagram/hmzmbydyuf/1000px@1x/27638-Love-You-Ruffle.webp
152,27209, Black Bat, 1.49 ft3 (0.042 m3),15.7,5500.0,"41""/104cm w x 24""/60cm h","SuperShape XLВ® P35 01, 02",https://embed.widencdn.net/img/anagram/jloedyf1ax/1000px@1x/27209-Black-Bat.webp
153,26023, Best Dad Trophy, 1.46 ft3 (0.041 m3),20.6,9500.0,"26""/66cm w x 27""/68cm h","SuperShape XLВ® P30 01, 02",https://embed.widencdn.net/img/anagram/dedscdaokg/1000px@1x/26023-Best-Dad-Trophy.webp
154,24519, Sunshine Sun, 1.10 ft3 (0.031 m3),12.3,4000.0,"29""/74cm w x 28""/71cm h","SuperShape XLВ® P35 01, 02",https://embed.widencdn.net/img/anagram/v9r4h9vbtn/1000px@1x/24519-Sunshine-Sun.webp
155,23215, Cuddly Bear Love,-,0.0,0.0,"27""/69cm w x 28""/71cm h","SuperShape P35 01, 02",https://embed.widencdn.net/img/anagram/rruaaau4lm/1000px@1x/23215-Cuddly-Bear-Love.webp
156,18435, New Year Bubbles, 1.35 ft3 (0.038 m3),22.8,10000.0,"14""/35cm w x 36""/91cm h","SuperShape XLВ® P30 01, 02",https://embed.widencdn.net/img/anagram/vmowpqprea/1000px@1x/18435-New-Year-Bubbles.webp
157,11707, New Years Toasting Glasses, 0.16 ft3 (0.005 m3),24.5,6000.0,"27""/69cm w x 30""/76cm h","SuperShape P35 01, 02",https://embed.widencdn.net/img/anagram/cesvo4wpmj/1000px@1x/11707-New-Years-Toasting-Glasses.webp
158,07656, Graduation Cluster, 1.38 ft3 (0.039 m3),13.4,4500.0,"""/cm w x ""/cm h",SuperShape XLВ® P40 02,https://embed.widencdn.net/img/anagram/q1pw9thtcr/1000px@1x/07656-Graduation-Cluster.webp
159,07256, Beer Mug, 1.60 ft3 (0.045 m3),28.6,10000.0,"""/cm w x ""/cm h","See-Thru SuperShape P35 01, 02",https://embed.widencdn.net/img/anagram/cqzjwy7b4o/1000px@1x/07256-Beer-Mug.webp
160,06195, Bubbly Wine Glass, 0.94 ft3 (0.027 m3),11.9,6500.0,"14""/35cm w x 38""/97cm h","SuperShape XLВ® P30 01, 02",https://embed.widencdn.net/img/anagram/s6g0wde4vd/1000px@1x/06195-Bubbly-Wine-Glass.webp
161,04949, Bubbly Wine, 1.35 ft3 (0.038 m3),22.8,10000.0,"14""/35cm w x 36""/91cm h","SuperShape XLВ® P30 01, 02",https://embed.widencdn.net/img/anagram/vrhlcuotte/1000px@1x/04949-Bubbly-Wine.webp
162,39060, Birthday Satin Gold Burst, 2.94 ft3 (0.083 m3),63.7,10000.0,"35""/88cm w x 29""/73cm h","SuperShape XLВ® P35 01, 02",https://embed.widencdn.net/img/anagram/s96bjxc5yp/1000px@1x/39060-Birthday-Satin-Gold-Burst.webp
163,40966, Grad Rainbow, 1.45 ft3 (0.041 m3),25.2,9000.0,"21""/53cm w x 23""/58cm h","SuperShape XLВ® P30 01, 02",https://embed.widencdn.net/img/anagram/bcmdnw1wtm/1000px@1x/40966-Grad-Rainbow.webp
164,40966, Grad Rainbow, 1.45 ft3 (0.041 m3),25.2,9000.0,"21""/53cm w x 23""/58cm h","SuperShape XLВ® P30 01, 02",https://embed.widencdn.net/img/anagram/qekde7lcft/1000px@1x/40966-Grad-Rainbow-ALT.webp
165,40955, Satin Infused Flag, 1.86 ft3 (0.053 m3),32.7,10000.0,"27""/68cm w x 22""/55cm h","SuperShape P30 01, 02",https://embed.widencdn.net/img/anagram/gbdfujolnt/1000px@1x/40955-Satin-Infused-Flag.webp
166,40916, Go Change the World Globe, 1.36 ft3 (0.039 m3),22.2,9000.0,"23""/58cm w x 23""/58cm h","SuperShape XLВ® P35 01, 02",https://embed.widencdn.net/img/anagram/c6zg5lghl2/1000px@1x/40916-Go-Change-the-World-Globe.webp
167,40916, Go Change the World Globe, 1.36 ft3 (0.039 m3),22.2,9000.0,"23""/58cm w x 23""/58cm h","SuperShape XLВ® P35 01, 02",https://embed.widencdn.net/img/anagram/wdomz15qkf/1000px@1x/40916-Go-Change-the-World-Globe-ALT.webp
168,40915, Satin Infused Cap & Diploma, 1.27 ft3 (0.036 m3),19.8,9000.0,"23""/58cm w x 25""/63cm h","SuperShape XLВ® P35 01, 02",https://embed.widencdn.net/img/anagram/dpda6wq2pw/1000px@1x/40915-Satin-Infused-Cap--Diploma.webp
169,40915, Satin Infused Cap & Diploma, 1.27 ft3 (0.036 m3),19.8,9000.0,"23""/58cm w x 25""/63cm h","SuperShape XLВ® P35 01, 02",https://embed.widencdn.net/img/anagram/3pyizlhwvp/1000px@1x/40915-Satin-Infused-Cap--Diploma-ALT.webp
170,40834, Mama & Baby Unicorn, 1.78 ft3 (0.050 m3),31.4,8500.0,"32""/81cm w x 32""/81cm h","SuperShape P35 01, 02",https://embed.widencdn.net/img/anagram/zjb4uif1co/1000px@1x/40834-Mama--Baby-Unicorn.webp
171,40834, Mama & Baby Unicorn, 1.78 ft3 (0.050 m3),31.4,8500.0,"32""/81cm w x 32""/81cm h","SuperShape P35 01, 02",https://embed.widencdn.net/img/anagram/8yrhf2o0rz/1000px@1x/40834-Mama--Baby-Unicorn-ALT.webp
172,40814, Satin Infused Flowers & Butterfly, 1.40 ft3 (0.040 m3),20.0,9000.0,"37""/93cm w x 19""/48cm h","SuperShape XLВ® P35 01, 02",https://embed.widencdn.net/img/anagram/e2r7e1byee/1000px@1x/40814-Satin-Infused-Flowers--Butterfly.webp
173,40814, Satin Infused Flowers & Butterfly, 1.40 ft3 (0.040 m3),20.0,9000.0,"37""/93cm w x 19""/48cm h","SuperShape XLВ® P35 01, 02",https://embed.widencdn.net/img/anagram/p8mrqrxxhm/1000px@1x/40814-Satin-Infused-Flowers--Butterfly-ALT.webp
174,40812, Tie-Dye Bee, 1.31 ft3 (0.037 m3),18.8,8000.0,"39""/99cm w x 18""/45cm h","SuperShape XLВ® P35 01, 02",https://embed.widencdn.net/img/anagram/uonihjx5rn/1000px@1x/40812-Tie-Dye-Bee.webp
175,40813, Iridescent Beautiful Flower, 1.85 ft3 (0.053 m3),30.8,10000.0,"30""/76cm w x 29""/73cm h","Holographic SuperShape P40 01, 02",https://embed.widencdn.net/img/anagram/aazxkzdq7t/1000px@1x/40813-Iridescent-Beautiful-Flower.webp
176,40812, Tie-Dye Bee, 1.31 ft3 (0.037 m3),18.8,8000.0,"39""/99cm w x 18""/45cm h","SuperShape XLВ® P35 01, 02",https://embed.widencdn.net/img/anagram/lld3c2omjy/1000px@1x/40812-Tie-Dye-Bee-ALT.webp
177,38488, Taco Fun, 1.97 ft3 (0.056 m3),33.3,10000.0,"33""/83cm w x 19""/48cm h","SuperShape XLВ® P35 01, 02",https://embed.widencdn.net/img/anagram/m0ragumtyu/1000px@1x/38488-Taco-Fun-Back-Side.webp
178,38488, Taco Fun, 1.97 ft3 (0.056 m3),33.3,10000.0,"33""/83cm w x 19""/48cm h","SuperShape XLВ® P35 01, 02",https://embed.widencdn.net/img/anagram/kodjkv23q3/1000px@1x/38488-Taco-Fun-Front-Side.webp
179,38488, Taco Fun, 1.97 ft3 (0.056 m3),33.3,10000.0,"33""/83cm w x 19""/48cm h","SuperShape XLВ® P35 01, 02",https://embed.widencdn.net/img/anagram/oyyidjhuxl/1000px@1x/38488-Taco-Fun-Front-ALT.webp
180,40671, Birthday Celebration, 1.32 ft3 (0.037 m3),18.5,6500.0,"34""/86cm w x 29""/73cm h",SuperShape XLВ® P35 01,https://embed.widencdn.net/img/anagram/gs1wuyygag/1000px@1x/40671-Birthday-Celebration.webp
181,40668, Dinomite T-Rex, 1.35 ft3 (0.038 m3),17.2,6000.0,"26""/66cm w x 34""/86cm h","SuperShape XLВ® P35 01, 02",https://embed.widencdn.net/img/anagram/mcfr81ogux/1000px@1x/40668-Dinomite-T-Rex.jpg
182,37273, Magical Unicorn, 1.50 ft3 (0.043 m3),19.4,6000.0,"33""/83cm w x 29""/73cm h","SuperShape P35 01, 02",https://embed.widencdn.net/img/anagram/l03yevcojb/1000px@1x/37273-Magical-Unicorn.webp
183,33815, Rainbow with Clouds, 1.54 ft3 (0.044 m3),18.7,6000.0,"37""/93cm w x 22""/55cm h",SuperShape XLВ® P35 01,https://embed.widencdn.net/img/anagram/fby1pgksuj/1000px@1x/33815-Rainbow-with-Clouds-Back-Side.jpg
184,33815, Rainbow with Clouds, 1.54 ft3 (0.044 m3),18.7,6000.0,"37""/93cm w x 22""/55cm h",SuperShape XLВ® P35 01,https://embed.widencdn.net/img/anagram/w1rcmsd5ly/1000px@1x/33815-Rainbow-with-Clouds-Front-Side.jpg
185,M6540,8 Welcome Baby, 0.84 ft3 (0.024 m3),9.8,5000.0,"""/cm w x ""/cm h","SuperShape XLВ® P30 01, 02",https://embed.widencdn.net/img/anagram/tqcwg0s940/1000px@1x/M65408-Welcome-Baby.webp
186,39304, Iridescent Pineapple, 1.41 ft3 (0.040 m3),23.2,7000.0,"17""/43cm w x 31""/78cm h",Holographic SuperShapeВ® P45 01,https://embed.widencdn.net/img/anagram/czujovsifr/1000px@1x/39304-Iridescent-Pineapple.webp
187,34447, Rainbow Birthday 60, 1.72 ft3 (0.049 m3),31.3,10000.0,"25""/63cm w x 22""/55cm h","SuperShape XLВ® P35 01, 02",https://embed.widencdn.net/img/anagram/0qs4gy1a1t/1000px@1x/34447-Rainbow-Birthday-60-Back-Side.webp
188,34444, Rainbow Birthday 30, 1.72 ft3 (0.049 m3),31.3,10000.0,"25""/63cm w x 22""/55cm h","SuperShape XLВ® P35 01, 02",https://embed.widencdn.net/img/anagram/p22fz2otbi/1000px@1x/34444-Rainbow-Birthday-30-Back-Side.webp
189,32116, Brilliant Birthday 21, 2.72 ft3 (0.077 m3),47.5,10000.0,"27""/68cm w x 26""/66cm h","Holographic SuperShape P40 01, 02",https://embed.widencdn.net/img/anagram/fgqrx1uz47/1000px@1x/32116-Brilliant-Birthday-21-Back-Side.jpg
190,39748, Magical Rainbow, 2.06 ft3 (0.058 m3),42.6,10000.0,"28""/71cm w x 20""/50cm h","Holographic SuperShape P40 01, 02",https://embed.widencdn.net/img/anagram/4b1xewlf6s/1000px@1x/39748-Magical-Rainbow.webp
191,39715, Blush Wedding Ring, 1.08 ft3 (0.031 m3),14.2,6000.0,"24""/60cm w x 30""/76cm h",SuperShape XLВ® P35 01,https://embed.widencdn.net/img/anagram/y2bsyjqaw3/1000px@1x/39715-Blush-Wedding.webp
192,39603, Stegosaurus, 1.20 ft3 (0.034 m3),14.9,6000.0,"32""/81cm w x 27""/68cm h","SuperShape XLВ® P35 01, 02",https://embed.widencdn.net/img/anagram/ley4ung9qn/1000px@1x/39603-Stegosaurus.webp
193,39602, Roller-skate, 2.06 ft3 (0.058 m3),25.4,6500.0,"28""/71cm w x 30""/76cm h","SuperShape P35 01, 02",https://embed.widencdn.net/img/anagram/sqnt3pymue/1000px@1x/39602-Roller-skate.webp
194,39439, Iridescent Teal & Pink Butterfly, 1.94 ft3 (0.055 m3),23.1,6000.0,"30""/76cm w x 26""/66cm h",Holographic SuperShapeВ® P45 01,https://embed.widencdn.net/img/anagram/ugojny011v/1000px@1x/39439-Iridescent-Teal-and-Pink-Butterfly.webp
195,39382, Iridescent Rainbow, 1.44 ft3 (0.041 m3),24.0,10000.0,"34""/86cm w x 19""/48cm h","Holographic SuperShape P40 01, 02",https://embed.widencdn.net/img/anagram/xarqsmilvo/1000px@1x/39382-Iridescent-Rainbow.webp
196,39380, Iridescent Sun, 1.52 ft3 (0.043 m3),23.0,9500.0,"27""/68cm w x 27""/68cm h","Holographic SuperShape P40 01, 02",https://embed.widencdn.net/img/anagram/ua0uwbfwp5/1000px@1x/39380-Iridescent-Sun-Back.jpg
197,39380, Iridescent Sun, 1.52 ft3 (0.043 m3),23.0,9500.0,"27""/68cm w x 27""/68cm h","Holographic SuperShape P40 01, 02",https://embed.widencdn.net/img/anagram/gff3z64umr/1000px@1x/39380-Iridescent-Sun-Front.webp
198,39323, Superhero Dad, 1.76 ft3 (0.050 m3),33.1,10000.0,"27""/68cm w x 26""/66cm h","SuperShape P30 01, 02",https://embed.widencdn.net/img/anagram/ptbttylorj/1000px@1x/39323-Superhero-Dad.webp
199,39330, Satin Infused Patriotic Star Trio, 1.19 ft3 (0.034 m3),17.4,8000.0,"39""/99cm w x 29""/73cm h","SuperShape P35 01, 02",https://embed.widencdn.net/img/anagram/9gvfjzrtai/1000px@1x/39330-Satin-Infused-Patriotic-Star-Trio.webp
200,39205, HMD Satin Infused Flower, 1.41 ft3 (0.040 m3),16.1,6000.0,"25""/63cm w x 27""/68cm h","SuperShape XLВ® P35 01, 02",https://embed.widencdn.net/img/anagram/ag5yn1abz6/1000px@1x/39205-HMD-Satin-Infused-Flower.webp
201,39061, Red Satin Party Hat, 1.76 ft3 (0.050 m3),34.7,10000.0,"27""/68cm w x 36""/91cm h","SuperShape P35 01, 02",https://embed.widencdn.net/img/anagram/gzynutfka9/1000px@1x/39061-Red-Satin-Party-Hat.webp
202,39057, Birthday Satin Star Cluster, 1.23 ft3 (0.035 m3),15.8,7500.0,"32""/81cm w x 35""/88cm h","SuperShape XLВ® P40 01, 02",https://embed.widencdn.net/img/anagram/cqq6op6rvv/1000px@1x/39057-Birthday-Satin-Star-Cluster.webp
203,38724, Stuck on You, 1.49 ft3 (0.042 m3),18.8,7000.0,"28""/71cm w x 36""/91cm h","SuperShape XLВ® P35 01, 02",https://embed.widencdn.net/img/anagram/hgex8lw7ak/1000px@1x/38724-Stuck-on-You.jpg
204,38715, Love Birds, 1.42 ft3 (0.040 m3),26.2,9500.0,"38""/96cm w x 24""/60cm h","SuperShape P30 01, 02",https://embed.widencdn.net/img/anagram/lztpzkv1dp/1000px@1x/38715-Love-Birds.webp
205,38716, Open Heart Donut, 1.12 ft3 (0.032 m3),15.9,7000.0,"25""/63cm w x 26""/66cm h","SuperShape P30 01, 02",https://embed.widencdn.net/img/anagram/jmlr90huuy/1000px@1x/38716-Open-Heart-Donut.jpg
206,38517, Love & Leaves Bridal Shower, 1.67 ft3 (0.047 m3),23.3,8000.0,"30""/76cm w x 28""/71cm h","SuperShape P35 01, 02",https://embed.widencdn.net/img/anagram/zyaqpdqbre/1000px@1x/38517-Love--Leaves-Bridal-Shower.webp
207,38514, Floral Baby Girl, 1.19 ft3 (0.034 m3),18.8,8000.0,"27""/68cm w x 20""/50cm h","SuperShape XLВ® P30 01, 02",https://embed.widencdn.net/img/anagram/llqx2zfzru/1000px@1x/38514-Floral-Baby-Girl.jpg
208,38511, Sweets & Treats Cupcake, 1.39 ft3 (0.039 m3),26.3,10000.0,"18""/45cm w x 26""/66cm h","SuperShape XLВ® P35 01, 02",https://embed.widencdn.net/img/anagram/kxqa41woum/1000px@1x/38511-Sweets--Treats-Cupcake-Side-2.jpg
209,38511, Sweets & Treats Cupcake, 1.39 ft3 (0.039 m3),26.3,10000.0,"18""/45cm w x 26""/66cm h","SuperShape XLВ® P35 01, 02",https://embed.widencdn.net/img/anagram/lrglzfa2ka/1000px@1x/38511-Sweets--Treats-Cupcake-Side-1.jpg
210,38505, Twinkle Little Star, 1.58 ft3 (0.045 m3),23.1,8500.0,"30""/76cm w x 18""/45cm h",SuperShape XLВ® P35 01,https://embed.widencdn.net/img/anagram/arupmseend/1000px@1x/38505-Twinkle-Little-Star.webp
211,38478, Llama, 1.32 ft3 (0.037 m3),19.2,7000.0,"28""/71cm w x 36""/91cm h","SuperShape XLВ® P35 01, 02",https://embed.widencdn.net/img/anagram/apnxv7lq1o/1000px@1x/38478-Llama.webp
212,38477, Happy Narwhal, 1.65 ft3 (0.047 m3),33.4,10000.0,"29""/73cm w x 39""/99cm h","SuperShape P35 01, 02",https://embed.widencdn.net/img/anagram/uubmawykbu/1000px@1x/38477-Happy-Narwhal.jpg
213,39058, Happy Birthday to You Satin Star, 2.09 ft3 (0.059 m3),32.9,10000.0,"34""/86cm w x 32""/81cm h","SuperShape XLВ® P35 01, 02",https://embed.widencdn.net/img/anagram/ufad6wvtxe/1000px@1x/39058-Happy-Birthday-to-You-Satin-Star.webp
214,38304, Happy Gingerbread Man, 1.38 ft3 (0.039 m3),19.9,8000.0,"22""/55cm w x 31""/78cm h","SuperShape P30 01, 02",https://embed.widencdn.net/img/anagram/sqaek4ggmx/1000px@1x/38304-Happy-Gingerbread-Man.webp
215,38156, Fall Oak Leaf, 1.44 ft3 (0.041 m3),21.4,9000.0,"20""/50cm w x 42""/106cm h",SuperShape P30 01,https://embed.widencdn.net/img/anagram/0r91fidki5/1000px@1x/38156-Fall-Oak-Leaf.webp
216,38120, Pink & Gold Milestone 18, 1.71 ft3 (0.048 m3),28.0,10000.0,"25""/63cm w x 20""/50cm h","Holographic SuperShape P40 01, 02",https://embed.widencdn.net/img/anagram/rrgqaz4z5q/1000px@1x/38120-Pink--Gold-Milestone-18.jpg
217,38121, Pink & Gold Milestone 21, 1.71 ft3 (0.048 m3),28.0,10000.0,"25""/63cm w x 20""/50cm h","Holographic SuperShape P40 01, 02",https://embed.widencdn.net/img/anagram/cyfjfzdvut/1000px@1x/38121-Pink--Gold-Milestone-21.jpg
218,37998, To Have and To Hold Cake, 1.54 ft3 (0.044 m3),24.0,10000.0,"22""/55cm w x 28""/71cm h","SuperShape P35 01, 02",https://embed.widencdn.net/img/anagram/icltheluae/1000px@1x/37998-To-Have-and-To-Hold-Cake.webp
219,37993, It's A Girl Confetti Dots,-,0.0,0.0,"36""/91cm w x 36""/91cm h",See-Thru Multi-Balloon P80 01,https://embed.widencdn.net/img/anagram/7uscl5aixn/1000px@1x/37993-Its-A-Girl-Confetti-Dots.webp
220,37990, It's A Boy Confetti Dots,-,0.0,0.0,"36""/91cm w x 36""/91cm h",See-Thru Multi-Balloon P80 01,https://embed.widencdn.net/img/anagram/mafgnxeq9p/1000px@1x/37990-Its-A-Boy-Confetti-Dots.webp
221,37984, Epic Party Pizza, 2.02 ft3 (0.057 m3),33.6,10000.0,"45""/114cm w x 22""/55cm h","SuperShape XLВ® P35 01, 02",https://embed.widencdn.net/img/anagram/lh8vmuacit/1000px@1x/37984-Epic-Party-Pizza-Front-Side.webp
222,37984, Epic Party Pizza, 2.02 ft3 (0.057 m3),33.6,10000.0,"45""/114cm w x 22""/55cm h","SuperShape XLВ® P35 01, 02",https://embed.widencdn.net/img/anagram/3acnrggzjt/1000px@1x/37984-Epic-Party-Pizza-Back-Side.webp
223,37906, Carnival Popcorn, 1.64 ft3 (0.046 m3),30.6,10000.0,"20""/50cm w x 29""/73cm h","SuperShape P35 01, 02",https://embed.widencdn.net/img/anagram/fiwopwlrqx/1000px@1x/37906-Carnival-Popcorn.webp
224,37902, Sparkling Birthday 80,-,0.0,0.0,"36""/91cm w x 36""/91cm h",Holographic Multi-Balloon P75 01,https://embed.widencdn.net/img/anagram/pe3yc7l2p6/1000px@1x/37902-Sparkling-Birthday-80.webp
225,37856, Donut, 1.49 ft3 (0.042 m3),22.3,9000.0,"27""/68cm w x 27""/68cm h","SuperShape P35 01, 02",https://embed.widencdn.net/img/anagram/spt9j2hl87/1000px@1x/37856-Donut-Side-1.webp
226,37800, Mermaid Wishes Seahorse, 1.34 ft3 (0.038 m3),15.5,5000.0,"20""/50cm w x 38""/96cm h","Holographic SuperShape P40 01, 02",https://embed.widencdn.net/img/anagram/ygxmpharvl/1000px@1x/37800-Mermaid-Wishes-Seahorse.webp
227,37614, Communion Day Boy, 1.10 ft3 (0.031 m3),17.4,8000.0,"20""/50cm w x 31""/78cm h","SuperShape XLВ® P30 01, 02",https://embed.widencdn.net/img/anagram/ypilqrjcpg/1000px@1x/37614-Communion-Day-Boy.webp
228,37402, Sparkling Birthday 70,-,0.0,0.0,"36""/91cm w x 36""/91cm h",Holographic Multi-Balloon P75 01,https://embed.widencdn.net/img/anagram/ttypjaeeh6/1000px@1x/37402-Sparkling-Birthday-70.webp
229,37362, Pink & Gold Milestone 70, 1.71 ft3 (0.048 m3),28.0,10000.0,"25""/63cm w x 20""/50cm h","Holographic SuperShape P40 01, 02",https://embed.widencdn.net/img/anagram/ubba0h1rks/1000px@1x/37362-Pink--Gold-Milestone-70.jpg
230,37269, Taco Party, 1.97 ft3 (0.056 m3),33.3,10000.0,"33""/83cm w x 19""/48cm h","SuperShape XLВ® P35 01, 02",https://embed.widencdn.net/img/anagram/3fzdlmaum2/1000px@1x/37269-Taco-Party-Side-2.jpg
231,37269, Taco Party, 1.97 ft3 (0.056 m3),33.3,10000.0,"33""/83cm w x 19""/48cm h","SuperShape XLВ® P35 01, 02",https://embed.widencdn.net/img/anagram/of1bkxgoav/1000px@1x/37269-Taco-Party-Side-1.webp
232,37170, Pink & Gold Milestone 60, 1.71 ft3 (0.048 m3),28.0,10000.0,"25""/63cm w x 20""/50cm h","Holographic SuperShape P40 01, 02",https://embed.widencdn.net/img/anagram/tmpq6mdgxa/1000px@1x/37170-Pink--Gold-Milestone-60.jpg
233,37169, Pink & Gold Milestone 50, 1.71 ft3 (0.048 m3),28.0,10000.0,"25""/63cm w x 20""/50cm h","Holographic SuperShape P40 01, 02",https://embed.widencdn.net/img/anagram/wr3i28haal/1000px@1x/37169-Pink--Gold-Milestone-50.jpg
234,37168, Pink & Gold Milestone 40, 1.71 ft3 (0.048 m3),28.0,10000.0,"25""/63cm w x 20""/50cm h","Holographic SuperShape P40 01, 02",https://embed.widencdn.net/img/anagram/h1cktdx1bx/1000px@1x/37168-Pink--Gold-Milestone-40.jpg
235,37167, Pink & Gold Milestone 30, 1.71 ft3 (0.048 m3),28.0,10000.0,"25""/63cm w x 20""/50cm h","Holographic SuperShape P40 01, 02",https://embed.widencdn.net/img/anagram/7bw0whwbw5/1000px@1x/37167-Pink--Gold-Milestone-30.jpg
236,37127, YeeHaw, 1.25 ft3 (0.035 m3),18.6,10000.0,"21""/53cm w x 24""/60cm h","SuperShape XLВ® P30 01, 02",https://embed.widencdn.net/img/anagram/kgbqdfzmya/1000px@1x/37127-Yeehaw.webp
237,37115, Let's Flamingle Tropical Drink, 1.35 ft3 (0.038 m3),21.6,10000.0,"20""/50cm w x 41""/104cm h","SuperShape XLВ® P35 01, 02",https://embed.widencdn.net/img/anagram/4zxseu7zht/1000px@1x/37115-Flamingle-Tropical-Drink.webp
238,37054, HMD Wreath, 1.67 ft3 (0.047 m3),23.3,8000.0,"30""/76cm w x 28""/71cm h","SuperShape P35 01, 02",https://embed.widencdn.net/img/anagram/mn2rqq7rpl/1000px@1x/37054-HMD-Wreath.webp
239,36901, Game Time Football, 2.84 ft3 (0.080 m3),60.6,10000.0,"31""/78cm w x 20""/50cm h","SuperShape XLВ® P30 01, 02",https://embed.widencdn.net/img/anagram/wfpqsnluni/1000px@1x/36901-Game-Time-Football.webp
240,36922, Holo:  St. Patty's Beer Glasses, 2.23 ft3 (0.063 m3),37.6,10000.0,"26""/66cm w x 28""/71cm h",Holographic SuperShapeВ® P45 01,https://embed.widencdn.net/img/anagram/cj69gkxcmz/1000px@1x/36922-St.jpg
241,36833, Lights Camera Action, 1.87 ft3 (0.053 m3),26.9,10000.0,"30""/76cm w x 29""/73cm h","SuperShape P40 01, 02",https://embed.widencdn.net/img/anagram/byzv6da7yh/1000px@1x/36833-Hollywood.webp
242,36767, Bubbly Love Garland, 1.53 ft3 (0.043 m3),25.6,10000.0,"14""/35cm w x 35""/88cm h",Multi-Balloon P41 01,https://embed.widencdn.net/img/anagram/wgfvsqy6r8/1000px@1x/36767-Bubbly-Love-Garland.jpg
243,36153, How the Grinch Stole Christmas, 1.75 ft3 (0.050 m3),28.5,10000.0,"26""/66cm w x 29""/73cm h","SuperShape XLВ® P38 01, 02",https://embed.widencdn.net/img/anagram/ljwgndlxnd/1000px@1x/36153-How-the-Grinch-Stole-Christmas.webp
244,35891, School Bus, 2.10 ft3 (0.060 m3),38.8,10000.0,"30""/76cm w x 18""/45cm h","SuperShape P30 01, 02",https://embed.widencdn.net/img/anagram/bpalc3kuvz/1000px@1x/35891-School-Bus.webp
245,35656, HBD Fun Flags, 1.64 ft3 (0.046 m3),20.4,7000.0,"32""/81cm w x 27""/68cm h","SuperShape XLВ® P35 01, 02",https://embed.widencdn.net/img/anagram/cvea88s7je/1000px@1x/35656-HBD-Fun-Flags.webp
246,35659, Circus Tent HBD, 1.91 ft3 (0.054 m3),34.2,10000.0,"28""/71cm w x 28""/71cm h","SuperShape P35 01, 02",https://embed.widencdn.net/img/anagram/h58cesaz94/1000px@1x/35659-Circus-Tent-HBD.webp
247,35615, Happy Birthday Floral Print, 1.19 ft3 (0.034 m3),18.8,8000.0,"27""/68cm w x 20""/50cm h","SuperShape XLВ® P30 01, 02",https://embed.widencdn.net/img/anagram/mltcijdqpl/1000px@1x/35615-Happy-Birthday-Floral-Print.webp
248,35591, Baby Banner Cute Icons, 2.06 ft3 (0.058 m3),0.0,10000.0,"33""/83cm w x 14""/35cm h","SuperShape P30 01, 02",https://embed.widencdn.net/img/anagram/5qklgcknxd/1000px@1x/35591-Baby-Banner-Cute-Icons.webp
249,35513, Wedding Wishes Cake, 1.59 ft3 (0.045 m3),22.8,6000.0,"21""/53cm w x 30""/76cm h",Multi-Balloon P41 01,https://embed.widencdn.net/img/anagram/keazc9kvwu/1000px@1x/35513-Wedding-Wishes-Cake.webp
250,35489, Get Well Happy Rainbow, 1.68 ft3 (0.048 m3),26.8,6500.0,"30""/76cm w x 30""/76cm h","SuperShape XLВ® P35 01, 02",https://embed.widencdn.net/img/anagram/famyhdfafn/1000px@1x/35489-Get-Well-Happy-Rainbow.webp
251,35458, TNT Party Dynamite, 2.38 ft3 (0.067 m3),45.2,10000.0,"25""/63cm w x 23""/58cm h","SuperShape P35 01, 02",https://embed.widencdn.net/img/anagram/lnlkyxiaji/1000px@1x/35458-TNT-Party-Dynamite.webp
252,35393, Gold Trophy, 1.23 ft3 (0.035 m3),16.7,8500.0,"25""/63cm w x 28""/71cm h","SuperShape P30 01, 02",https://embed.widencdn.net/img/anagram/ucktb45fuq/1000px@1x/35393-Gold-Trophy.webp
253,35389, Dump Truck, 1.55 ft3 (0.044 m3),22.7,7500.0,"32""/81cm w x 25""/63cm h","SuperShape XLВ® P35 01, 02",https://embed.widencdn.net/img/anagram/zvkgit41ln/1000px@1x/35389-Dump-Truck.webp
254,35309, Ice Cream Cone, 1.84 ft3 (0.052 m3),31.8,10000.0,"18""/45cm w x 41""/104cm h","Holographic SuperShape P40 01, 02",https://embed.widencdn.net/img/anagram/7s4rrjdao8/1000px@1x/35309-Ice-Cream-Cone.webp
255,35201, Celebrate Baby, 0.84 ft3 (0.024 m3),9.8,5000.0,"16""/40cm w x 24""/60cm h","SuperShape XLВ® P30 01, 02",https://embed.widencdn.net/img/anagram/r6kqcl4mur/1000px@1x/35201-Celebrate-Baby.webp
256,34571, Princess Crown & Gem, 1.10 ft3 (0.031 m3),17.8,7000.0,"32""/81cm w x 19""/48cm h","SuperShape P35 01, 02",https://embed.widencdn.net/img/anagram/onhtogpgzm/1000px@1x/34571-Princess-Crown--Gem.webp
257,34526, Brilliant Birthday Marquee, 1.85 ft3 (0.052 m3),19.9,6000.0,"31""/78cm w x 28""/71cm h","Holographic SuperShape P50 01, 02",https://embed.widencdn.net/img/anagram/jek6ryrwhd/1000px@1x/34526-Brilliant-Birthday-Marquee.webp
258,34523, 1ST BIRTHDAY CUPCAKE BOY, 1.94 ft3 (0.055 m3),39.1,10000.0,"29""/73cm w x 36""/91cm h","Holographic SuperShape P40 01, 02",https://embed.widencdn.net/img/anagram/jzfcdchpqt/1000px@1x/34523-1st-Birthday-Cupcake-Boy.webp
259,34522, 1ST BIRTHDAY CUPCAKE GIRL, 1.94 ft3 (0.055 m3),39.1,10000.0,"29""/73cm w x 36""/91cm h","Holographic SuperShape P40 01, 02",https://embed.widencdn.net/img/anagram/p7xdooeybd/1000px@1x/34522-1st-Birthday-Cupcake-Girl.webp
260,34511, Sparkling Birthday 18,-,0.0,0.0,"36""/91cm w x 36""/91cm h",Holographic Multi-Balloon P75 01,https://embed.widencdn.net/img/anagram/rhvx8imhu0/1000px@1x/34511-Sparkling-Birthday-18.webp
261,34447, Rainbow Birthday 60, 1.72 ft3 (0.049 m3),31.3,10000.0,"25""/63cm w x 22""/55cm h","SuperShape XLВ® P35 01, 02",https://embed.widencdn.net/img/anagram/fbop8vni5v/1000px@1x/34447-Rainbow-Birthday-60-Front-Side.webp
262,34444, Rainbow Birthday 30, 1.72 ft3 (0.049 m3),31.3,10000.0,"25""/63cm w x 22""/55cm h","SuperShape XLВ® P35 01, 02",https://embed.widencdn.net/img/anagram/mly0v1et8p/1000px@1x/34444-Rainbow-Birthday-30-Front-Side.webp
263,34442, Rainbow Birthday Cupcake, 1.94 ft3 (0.055 m3),38.4,10000.0,"29""/73cm w x 36""/91cm h","SuperShape XLВ® P35 01, 02",https://embed.widencdn.net/img/anagram/gse5uavrgy/1000px@1x/34442-Rainbow-Birthday-Cupcake.webp
264,34253, Ring in the New Year, 2.11 ft3 (0.060 m3),30.4,9000.0,"30""/76cm w x 30""/76cm h","Holographic SuperShape P45 01, 02",https://embed.widencdn.net/img/anagram/o38dtuc9dg/1000px@1x/34253-Ring-in-the-New-Year.webp
265,34158, Emoticons in Love, 1.38 ft3 (0.039 m3),20.8,9000.0,"36""/91cm w x 21""/53cm h","SuperShape XLВ® P35 01, 02",https://embed.widencdn.net/img/anagram/yxyvokrdad/1000px@1x/34158-Emoticons-in-Love.webp
266,34190, Love Hearts & Dots,-,0.0,0.0,"36""/91cm w x 36""/91cm h",Holographic Multi-Balloon P75 01,https://embed.widencdn.net/img/anagram/emijvgu52g/1000px@1x/34190-Love-Hearts--Dots.jpg
267,33774, Ocean Buddies Shark, 2.13 ft3 (0.060 m3),41.1,10000.0,"40""/101cm w x 32""/81cm h","SuperShape XLВ® P35 01, 02",https://embed.widencdn.net/img/anagram/g8bqf59ukd/1000px@1x/33774-Ocean-Buddies-Shark.webp
268,33610, HBD Primary sketchy patterns, 2.17 ft3 (0.061 m3),36.4,10000.0,"34""/86cm w x 32""/81cm h","SuperShape XLВ® P35 01, 02",https://embed.widencdn.net/img/anagram/dihjlisaze/1000px@1x/33610-HBD-Primary-sketchy-patterns.webp
269,33574, Burst Happy BDAY,-,0.0,0.0,"35""/88cm w x 29""/73cm h",Multi-Balloon P47 01,https://embed.widencdn.net/img/anagram/f53phddl6o/1000px@1x/33574-Burst-Happy-BDAY.webp
270,32850, Colorful Fish, 1.64 ft3 (0.046 m3),24.9,6000.0,"33""/83cm w x 23""/58cm h",Holographic SuperShape P40 01,https://embed.widencdn.net/img/anagram/lobdc47wdy/1000px@1x/32850-Colorful-Fish.webp
271,32815, Officially Retired, 1.51 ft3 (0.043 m3),22.7,10000.0,"27""/68cm w x 16""/40cm h","SuperShape P35 01, 02",https://embed.widencdn.net/img/anagram/7s7a56h920/1000px@1x/32815-Officially-Retired.webp
272,32643, Best of Luck Gold Star, 2.17 ft3 (0.061 m3),36.4,10000.0,"34""/86cm w x 32""/81cm h","SuperShape XLВ® P35 01, 02",https://embed.widencdn.net/img/anagram/2ulqwmfrsl/1000px@1x/32643-Best-of-Luck-Gold-Star.webp
273,32634, Congratulations Stacked Star, 1.62 ft3 (0.046 m3),22.6,8500.0,"24""/60cm w x 25""/63cm h","SuperShape XLВ® P35 01, 02",https://embed.widencdn.net/img/anagram/gwhdzvdo2f/1000px@1x/32634-Congratulations-Stacked-Star.webp
274,32249, Triceratops, 1.67 ft3 (0.047 m3),26.5,8000.0,"42""/106cm w x 24""/60cm h","SuperShape P35 01, 02",https://embed.widencdn.net/img/anagram/prienuvoxz/1000px@1x/32249-Triceratops.webp
275,32116, Brilliant Birthday 21, 2.72 ft3 (0.077 m3),47.5,10000.0,"27""/68cm w x 26""/66cm h","Holographic SuperShape P40 01, 02",https://embed.widencdn.net/img/anagram/s8kjkivoa3/1000px@1x/32116-Brilliant-Birthday-21-Front-Side.webp
276,31299, Rainbow Unicorn, 1.50 ft3 (0.043 m3),19.4,6000.0,"33""/83cm w x 29""/73cm h","SuperShape P35 01, 02",https://embed.widencdn.net/img/anagram/nmu6hju13p/1000px@1x/31299-Rainbow-Unicorn.webp
277,31237, Handsome Groom, 1.89 ft3 (0.054 m3),30.9,10000.0,"19""/48cm w x 40""/101cm h","SuperShape XLВ® P35 01, 02",https://embed.widencdn.net/img/anagram/hsaj2lxdmg/1000px@1x/31237-Handsome-Groom.webp
278,31235, Lovely Bride, 1.89 ft3 (0.054 m3),30.9,10000.0,"19""/48cm w x 40""/101cm h","SuperShape XLВ® P35 01, 02",https://embed.widencdn.net/img/anagram/sqbgrnagz5/1000px@1x/31235-Lovely-Bride.webp
279,31231, Rainbow Cloud, 1.58 ft3 (0.045 m3),23.1,8500.0,"30""/76cm w x 18""/45cm h",SuperShape XLВ® P35 01,https://embed.widencdn.net/img/anagram/p4zdqls8ma/1000px@1x/31231-Rainbow-Cloud-Front-Side.webp
280,30921, Celebrate Baby Girl,-,0.0,-1.0,"36""/91cm w x 36""/91cm h",Multi-Balloon P75 01,https://embed.widencdn.net/img/anagram/swneucuko8/1000px@1x/30921-Celebrate-Baby-Girl.webp
281,30922, Celebrate Baby Boy,-,0.0,-1.0,"32""/81cm w x 32""/81cm h",Multi-Balloon P75 01,https://embed.widencdn.net/img/anagram/vziuhhnvh7/1000px@1x/30922-Celebrate-Baby-Boy.webp
282,30852, Get Whale Soon, 1.45 ft3 (0.041 m3),21.3,10000.0,"34""/86cm w x 24""/60cm h","SuperShape P35 01, 02",https://embed.widencdn.net/img/anagram/ywhyb2gwna/1000px@1x/30852-Get-Whale-Soon.webp
283,30837, To the Moon and Back, 1.46 ft3 (0.041 m3),22.7,8000.0,"27""/68cm w x 32""/81cm h","SuperShape XLВ® P40 01, 02",https://embed.widencdn.net/img/anagram/q5bz3q5wjr/1000px@1x/30837-To-The-Moon-and-Back.webp
284,30414, 1st Communion Cross, 1.50 ft3 (0.043 m3),24.8,10000.0,"23""/58cm w x 28""/71cm h","SuperShape XLВ® P30 01, 02",https://embed.widencdn.net/img/anagram/sjhj8ly7ym/1000px@1x/30414-1st-Communion-Cross.webp
285,30364, Communion Cup, 1.10 ft3 (0.031 m3),17.4,8000.0,"20""/50cm w x 31""/78cm h","SuperShape XLВ® P35 01, 02",https://embed.widencdn.net/img/anagram/mnasampngc/1000px@1x/30364-Communion-Cup.webp
286,27020, Key to Success Cap, 1.89 ft3 (0.054 m3),35.7,10000.0,"31""/79cm w x 22""/56cm h","SuperShape P30 01, 02",https://embed.widencdn.net/img/anagram/bqduac4xch/1000px@1x/27020-Key-to-Success-Cap.webp
287,26815, Elegant Cross, 1.50 ft3 (0.043 m3),24.8,10000.0,"23""/58cm w x 28""/71cm h","SuperShape XLВ® P30 01, 02",https://embed.widencdn.net/img/anagram/up1fisry8u/1000px@1x/26815-Elegant-Cross.webp
288,25179, Gold Elegant 50th Anniversary Bell, 1.59 ft3 (0.045 m3),23.0,5000.0,"22""/56cm w x 27""/69cm h","SuperShape P30 01, 02",https://embed.widencdn.net/img/anagram/ecwevrp6xa/1000px@1x/25179-Gold-Elegant-50th-Anniversary-Bell.webp
289,25181, Safari Baby Girl Giraffe, 1.59 ft3 (0.045 m3),29.0,7500.0,"25""/64cm w x 42""/107cm h","SuperShape P35 01, 02",https://embed.widencdn.net/img/anagram/jguqyovmee/1000px@1x/25181-Safari-Baby-Girl-Giraffe.webp
290,25178, Silver Elegant 25th Anniversary Bell, 1.59 ft3 (0.045 m3),23.0,5000.0,"22""/56cm w x 27""/69cm h","SuperShape P30 01, 02",https://embed.widencdn.net/img/anagram/r0embk7kxi/1000px@1x/25178-Silver-Elegant-25th-Anniversary-Bell.webp
291,24991, American Classic Star Cluster, 1.23 ft3 (0.035 m3),15.8,7500.0,"32""/81cm w x 35""/89cm h","SuperShape XLВ® P40 01, 02",https://embed.widencdn.net/img/anagram/gwdymixjgz/1000px@1x/24991-American-Classic-Star-Cluster.webp
292,24662, Wedding Rings, 1.05 ft3 (0.030 m3),14.1,7500.0,"27""/69cm w x 30""/76cm h","SuperShape P45 01, 02",https://embed.widencdn.net/img/anagram/ei52p03001/1000px@1x/24662-Wedding-Rings.webp
293,24583, Safari Baby Boy Giraffe, 1.59 ft3 (0.045 m3),29.0,7500.0,"25""/64cm w x 42""/107cm h","SuperShape P35 01, 02",https://embed.widencdn.net/img/anagram/mgrdr2czcg/1000px@1x/24583-Safari-Baby-Boy-Giraffe.webp
294,23808, Striped Thanks Marquee, 1.51 ft3 (0.043 m3),22.7,10000.0,"27""/69cm w x 16""/41cm h","SuperShape P35 01, 02",https://embed.widencdn.net/img/anagram/zvv25ui0ys/1000px@1x/23808-Striped-Thanks-Marquee.webp
295,23780, Referee, 1.39 ft3 (0.039 m3),15.8,6000.0,"32""/81cm w x 29""/74cm h","SuperShape XLВ® P30 01, 02",https://embed.widencdn.net/img/anagram/fvrhb9anvl/1000px@1x/23780-Referee.webp
296,22000, Get Well Shooting Star, 1.36 ft3 (0.039 m3),17.1,6500.0,"27""/69cm w x 22""/56cm h","SuperShape XLВ® P35 01, 02",https://embed.widencdn.net/img/anagram/xr9vayasw0/1000px@1x/22000-Get-Well-Shooting-Star.webp
297,14254, It's A Boy Baby Bottle, 1.02 ft3 (0.029 m3),17.4,10000.0,"13""/33cm w x 31""/79cm h","SuperShape XLВ® P30 01, 02",https://embed.widencdn.net/img/anagram/zt46wpaump/1000px@1x/14254-Its-A-Boy-Baby-Bottle.webp
298,14418, Pink Ribbon, 1.23 ft3 (0.035 m3),13.1,5000.0,"20""/51cm w x 36""/91cm h","SuperShape XLВ® P30 01, 02",https://embed.widencdn.net/img/anagram/aa2qw6jnsg/1000px@1x/14418-Pink-Ribbon.webp
299,14253, It's A Girl Baby Bottle, 1.02 ft3 (0.029 m3),17.4,10000.0,"13""/33cm w x 31""/79cm h","SuperShape XLВ® P30 01, 02",https://embed.widencdn.net/img/anagram/opnbtyrmhj/1000px@1x/14253-Its-A-Girl-Baby-Bottle.webp
300,11063, Cow, 1.43 ft3 (0.041 m3),16.4,6500.0,"30""/76cm w x 28""/71cm h","SuperShape P35 01, 02",https://embed.widencdn.net/img/anagram/fpujzgtpuw/1000px@1x/11063-Cow.webp
301,11062, Pig, 1.82 ft3 (0.052 m3),25.4,7000.0,"35""/89cm w x 25""/64cm h","SuperShape P35 01, 02",https://embed.widencdn.net/img/anagram/snzj832wq3/1000px@1x/11062-Pig.webp
302,09900, Pastel Unicorn, 1.50 ft3 (0.043 m3),19.4,6000.0,"""/cm w x ""/cm h","SuperShape P35 01, 02",https://embed.widencdn.net/img/anagram/xlfii8zqdl/1000px@1x/09900-Pastel-Unicorn.webp
303,07690, It's a Girl Foot, 1.51 ft3 (0.043 m3),22.3,10000.0,"""/cm w x ""/cm h","SuperShape XLВ® P35 01, 02",https://embed.widencdn.net/img/anagram/szzaho7elp/1000px@1x/07690-Its-a-Girl-Foot.webp
304,07688, It's a Boy Foot, 1.51 ft3 (0.043 m3),22.3,10000.0,"""/cm w x ""/cm h","SuperShape XLВ® P35 01, 02",https://embed.widencdn.net/img/anagram/qbnxmhktok/1000px@1x/07688-Its-a-Boy-Foot.webp
305,07254, Bright Butterfly, 1.44 ft3 (0.041 m3),16.5,6500.0,"""/cm w x ""/cm h","SuperShape XLВ® P30 01, 02",https://embed.widencdn.net/img/anagram/cfvzaxvbp7/1000px@1x/07254-Bright-Butterfly.webp
306,06872, American Flag, 1.77 ft3 (0.050 m3),29.2,10000.0,"""/cm w x ""/cm h","SuperShape XLВ® P30 01, 02",https://embed.widencdn.net/img/anagram/3zrmmodysb/1000px@1x/06872-American-Flag.webp
307,05813, Ocean Blue Dolphin, 0.84 ft3 (0.024 m3),5.2,2000.0,"37""/84cm w x 22""/56cm h","SuperShape XLВ® P30 01, 02",https://embed.widencdn.net/img/anagram/ulxyai8ru1/1000px@1x/05813-Ocean-Blue-Dolphin.webp
308,04745, Happy Bee, 1.32 ft3 (0.037 m3),16.2,7000.0,"""/cm w x ""/cm h","SuperShape XLВ® P30 01, 02",https://embed.widencdn.net/img/anagram/hwiq1lsvp5/1000px@1x/04745-Happy-Bee.webp
309,40676, Reason to Celebrate, 2.01 ft3 (0.057 m3),42.4,10000.0,"22""/55cm w x 22""/55cm h","SuperShape XLВ® P32 01, 02",https://embed.widencdn.net/img/anagram/fqtac5evne/1000px@1x/40676-Reason-to-Celebrate.webp
310,38918," Jumbo Number ""9"" Gold",-,0.0,0.0,"33""/83cm w x 54""/137cm h",SuperShape L53 11,https://embed.widencdn.net/img/anagram/52jo4jwnz6/1000px@1x/38918-Number-9-50-Inch-Gold.webp
311,38890," Jumbo Number ""2"" Gold",-,0.0,0.0,"31""/78cm w x 53""/134cm h",SuperShape L53 11,https://embed.widencdn.net/img/anagram/jj0qjydfmc/1000px@1x/38890-Number-2-50-Inch-Gold.webp
312,38889," Jumbo Number ""1"" Gold",-,0.0,0.0,"22""/55cm w x 53""/134cm h",SuperShape L53 11,https://embed.widencdn.net/img/anagram/xi3u7rhuem/1000px@1x/38889-Number-1-50-Inch-Gold.webp
313,39876, Lion King, 1.51 ft3 (0.043 m3),21.5,8000.0,"31""/78cm w x 26""/66cm h","SuperShape P38 01, 02",https://embed.widencdn.net/img/anagram/qt1ydc8gn1/1000px@1x/39876-Lion-King.webp
314,39563, Descendants 3, 1.97 ft3 (0.056 m3),27.2,8500.0,"25""/63cm w x 31""/78cm h","SuperShape P38 01, 02",https://embed.widencdn.net/img/anagram/qhzee51yuc/1000px@1x/39563-Descendants-3-Side-1.webp
315,39563, Descendants 3, 1.97 ft3 (0.056 m3),27.2,8500.0,"25""/63cm w x 31""/78cm h","SuperShape P38 01, 02",https://embed.widencdn.net/img/anagram/vwyxhm8wcr/1000px@1x/39563-Descendants-3-Side-2.webp
316,39870, Avengers Endgame, 2.94 ft3 (0.083 m3),63.7,10000.0,"35""/88cm w x 29""/73cm h","SuperShape XLВ® P38 01, 02",https://embed.widencdn.net/img/anagram/zzfcnhe5ri/1000px@1x/39870-Avengers-4.webp
317,39702, Night in Disguise, 2.32 ft3 (0.066 m3),40.5,10000.0,"30""/76cm w x 16""/40cm h","Holographic SuperShape P40 01, 02",https://embed.widencdn.net/img/anagram/2slzwtsslr/1000px@1x/39702-Night-in-Disguise.webp
318,39956, Happy Birthday Sparkle Banner, 2.18 ft3 (0.062 m3),40.1,10000.0,"27""/68cm w x 36""/91cm h","Holographic SuperShape P40 01, 02",https://embed.widencdn.net/img/anagram/tkqir7977c/1000px@1x/39956-Happy-Birthday-Sparkle-Banner.webp
319,39872, Toy Story 4 Woody, 1.39 ft3 (0.040 m3),19.6,6500.0,"22""/55cm w x 44""/111cm h","SuperShape P38 01, 02",https://embed.widencdn.net/img/anagram/ol3kpwees2/1000px@1x/39872-Toy-Story-4-Woody-Front.webp
320,39872, Toy Story 4 Woody, 1.39 ft3 (0.040 m3),19.6,6500.0,"22""/55cm w x 44""/111cm h","SuperShape P38 01, 02",https://embed.widencdn.net/img/anagram/5d1quoca9l/1000px@1x/39872-Toy-Story-4-Woody-Back.webp
321,39731, Blue Baby Boy, 2.01 ft3 (0.057 m3),42.4,10000.0,"22""/55cm w x 22""/55cm h","SuperShape XLВ® P32 01, 02",https://embed.widencdn.net/img/anagram/twkujnmapo/1000px@1x/39731-Blue-Baby-Boy.webp
322,39806, Princess Once Upon A Time, 2.31 ft3 (0.065 m3),41.3,10000.0,"34""/86cm w x 32""/81cm h","SuperShape XLВ® P38 01, 02",https://embed.widencdn.net/img/anagram/qvj49u2ixs/1000px@1x/39806-Princess-Once-Upon-A-Time-Side-2.webp
323,39806, Princess Once Upon A Time, 2.31 ft3 (0.065 m3),41.3,10000.0,"34""/86cm w x 32""/81cm h","SuperShape XLВ® P38 01, 02",https://embed.widencdn.net/img/anagram/rorjm0uekc/1000px@1x/39806-Princess-Once-Upon-A-Time-Side-1.webp
324,39666, Here's to Your Birthday 60, 1.77 ft3 (0.050 m3),24.7,9500.0,"26""/66cm w x 21""/53cm h","Holographic SuperShape P40 01, 02",https://embed.widencdn.net/img/anagram/ljpfgkelc2/1000px@1x/39666-Heres-to-Your-Birthday-60-Back.webp
325,39666, Here's to Your Birthday 60, 1.77 ft3 (0.050 m3),24.7,9500.0,"26""/66cm w x 21""/53cm h","Holographic SuperShape P40 01, 02",https://embed.widencdn.net/img/anagram/msfngo4yxy/1000px@1x/39666-Heres-to-Your-Birthday-60-Front.webp
326,39665, Here's to Your Birthday 50, 1.73 ft3 (0.049 m3),20.8,7500.0,"26""/66cm w x 21""/53cm h","Holographic SuperShape P40 01, 02",https://embed.widencdn.net/img/anagram/unpj6jqfe3/1000px@1x/39665-Heres-to-Your-Birthday-50-Front.webp
327,39665, Here's to Your Birthday 50, 1.73 ft3 (0.049 m3),20.8,7500.0,"26""/66cm w x 21""/53cm h","Holographic SuperShape P40 01, 02",https://embed.widencdn.net/img/anagram/knv6nwiaev/1000px@1x/39665-Heres-to-Your-Birthday-50-Back.webp
328,39664, Here's to Your Birthday 40, 1.76 ft3 (0.050 m3),22.6,8500.0,"27""/68cm w x 21""/53cm h","Holographic SuperShape P40 01, 02",https://embed.widencdn.net/img/anagram/euir0cymix/1000px@1x/39664-Heres-to-Your-Birthday-40-Front.webp
329,39664, Here's to Your Birthday 40, 1.76 ft3 (0.050 m3),22.6,8500.0,"27""/68cm w x 21""/53cm h","Holographic SuperShape P40 01, 02",https://embed.widencdn.net/img/anagram/3qyo8ivn36/1000px@1x/39664-Heres-to-Your-Birthday-40-Back.webp
330,39663, Here's to Your Birthday 30, 1.73 ft3 (0.049 m3),20.8,7500.0,"26""/66cm w x 21""/53cm h","Holographic SuperShape P40 01, 02",https://embed.widencdn.net/img/anagram/8yav0jx7w9/1000px@1x/39663-Heres-to-Your-Birthday-30-Front.webp
331,39663, Here's to Your Birthday 30, 1.73 ft3 (0.049 m3),20.8,7500.0,"26""/66cm w x 21""/53cm h","Holographic SuperShape P40 01, 02",https://embed.widencdn.net/img/anagram/1pasi73lan/1000px@1x/39663-Heres-to-Your-Birthday-30-Back.webp
332,39514, Toy Story 4, 1.62 ft3 (0.046 m3),22.6,8500.0,"25""/63cm w x 42""/106cm h","SuperShape XLВ® P38 01, 02",https://embed.widencdn.net/img/anagram/xwaqvoklf9/1000px@1x/39514-Toy-Story-4.webp
333,39712, Awesome Party, 2.41 ft3 (0.068 m3),33.4,10000.0,"27""/68cm w x 22""/55cm h","SuperShape P35 01, 02",https://embed.widencdn.net/img/anagram/zsaub42frm/1000px@1x/39712-Awesome-Party.webp
334,27809, Miami Dolphins Helmet, 1.25 ft3 (0.035 m3),21.5,10000.0,"21""/53cm w x 17""/43cm h","SuperShape XLВ® P34 01, 02",https://embed.widencdn.net/img/anagram/csqppn0yay/1000px@1x/27809-Miami-Dolphins-Helmet-Left-Side.webp
335,27809, Miami Dolphins Helmet, 1.25 ft3 (0.035 m3),21.5,10000.0,"21""/53cm w x 17""/43cm h","SuperShape XLВ® P34 01, 02",https://embed.widencdn.net/img/anagram/zsnya7ubjj/1000px@1x/27809-Miami-Dolphins-Helmet-Right-Side.webp
336,38480, Blast off Birthday, 1.87 ft3 (0.053 m3),34.6,10000.0,"21""/53cm w x 29""/73cm h","SuperShape XLВ® P35 01, 02",https://embed.widencdn.net/img/anagram/xa8xhkzx7g/1000px@1x/38480-Blast-off-Birthday.webp
337,26467, My Little Pony Rainbow Dash, 1.81 ft3 (0.051 m3),20.9,4500.0,"28""/71cm w x 27""/68cm h","SuperShape XLВ® P38 01, 02",https://embed.widencdn.net/img/anagram/k9ynbazbau/1000px@1x/26467-My-Little-Pony-Rainbow-Dash.webp
338,39601, Happy Ice Cream Bar, 1.79 ft3 (0.051 m3),35.3,10000.0,"17""/43cm w x 35""/88cm h","SuperShape XLВ® P30 01, 02",https://embed.widencdn.net/img/anagram/kpdettrgor/1000px@1x/39601-Happy-Ice-Cream-Bar-Front.webp
339,39601, Happy Ice Cream Bar, 1.79 ft3 (0.051 m3),35.3,10000.0,"17""/43cm w x 35""/88cm h","SuperShape XLВ® P30 01, 02",https://embed.widencdn.net/img/anagram/steit13xun/1000px@1x/39601-Happy-Ice-Cream-Bar-Back.webp
340,38482, Ahoy Birthday Shark, 1.51 ft3 (0.043 m3),22.8,9500.0,"41""/104cm w x 23""/58cm h","SuperShape XLВ® P35 01, 02",https://embed.widencdn.net/img/anagram/xhnbavl6yx/1000px@1x/38482-Ahoy-Birthday-Shark.webp
341,38483, Bright Florals, 1.82 ft3 (0.052 m3),29.8,10000.0,"30""/76cm w x 29""/73cm h","SuperShape P35 01, 02",https://embed.widencdn.net/img/anagram/bwpjajlk9l/1000px@1x/38483-Bright-Florals.webp
342,39523, Tennessee Titans Jersey, 1.70 ft3 (0.048 m3),30.5,10000.0,"24""/60cm w x 23""/58cm h","SuperShape XLВ® P34 01, 02",https://embed.widencdn.net/img/anagram/rjwm3kw2r3/1000px@1x/39523-Tennessee-Titans-Jersey-Back.webp
343,39522, Tennessee Titans Helmet, 1.25 ft3 (0.035 m3),21.5,10000.0,"21""/53cm w x 17""/43cm h",SuperShape XLВ® P34 01,https://embed.widencdn.net/img/anagram/5zytqv8lbs/1000px@1x/39522-Tennessee-Titans-Helmet-Right-Side.webp
344,39522, Tennessee Titans Helmet, 1.25 ft3 (0.035 m3),21.5,10000.0,"21""/53cm w x 17""/43cm h",SuperShape XLВ® P34 01,https://embed.widencdn.net/img/anagram/5pah0kmwzb/1000px@1x/39522-Tennessee-Titans-Helmet-Left-Side.webp
345,39523, Tennessee Titans Jersey, 1.70 ft3 (0.048 m3),30.5,10000.0,"24""/60cm w x 23""/58cm h","SuperShape XLВ® P34 01, 02",https://embed.widencdn.net/img/anagram/kseha440v0/1000px@1x/39523-Tennessee-Titans-Jersey-Front.webp
346,39511, Captain Marvel, 1.25 ft3 (0.035 m3),18.5,6000.0,"27""/68cm w x 37""/93cm h","SuperShape P38 01, 02",https://embed.widencdn.net/img/anagram/k5bk8wryvz/1000px@1x/39511-Captain-Marvel.webp
347,39315, Happy Birthday Man 70, 1.68 ft3 (0.048 m3),29.9,10000.0,"25""/63cm w x 20""/50cm h","SuperShape P35 01, 02",https://embed.widencdn.net/img/anagram/8cxvtxtyol/1000px@1x/39315-Happy-Birthday-Man-70.webp
348,39314, Happy Birthday Man 60, 1.68 ft3 (0.048 m3),29.9,10000.0,"25""/63cm w x 20""/50cm h","SuperShape P35 01, 02",https://embed.widencdn.net/img/anagram/djoqjuv7ko/1000px@1x/39314-Happy-Birthday-Man-60.webp
349,39312, Happy Birthday Man 40, 1.68 ft3 (0.048 m3),29.9,10000.0,"25""/63cm w x 20""/50cm h","SuperShape P35 01, 02",https://embed.widencdn.net/img/anagram/ochuutezgv/1000px@1x/39312-Happy-Birthday-Man-40.webp
350,39313, Happy Birthday Man 50, 1.68 ft3 (0.048 m3),29.9,10000.0,"25""/63cm w x 20""/50cm h","SuperShape P35 01, 02",https://embed.widencdn.net/img/anagram/jbchmeno32/1000px@1x/39313-Happy-Birthday-Man-50.webp
351,39311, Happy Birthday Man 30, 1.68 ft3 (0.048 m3),29.9,10000.0,"25""/63cm w x 20""/50cm h","SuperShape P35 01, 02",https://embed.widencdn.net/img/anagram/4ul5hhomfr/1000px@1x/39311-Happy-Birthday-Man-30.webp
352,38783, Satin Emerald Shamrock, 1.59 ft3 (0.045 m3),20.2,6500.0,"29""/73cm w x 28""/71cm h","SuperShape XLВ® P30 01, 02",https://embed.widencdn.net/img/anagram/fjee73h4fb/1000px@1x/38783-Satin-Emerald-Shamrock.webp
353,38725, HVD Llama, 1.32 ft3 (0.037 m3),19.2,7000.0,"28""/71cm w x 36""/91cm h","SuperShape XLВ® P35 01, 02",https://embed.widencdn.net/img/anagram/gc6agicp8b/1000px@1x/38725-HVD-Llama.webp
354,38152, Stacking Sugar Skulls, 1.44 ft3 (0.041 m3),17.9,6000.0,"22""/55cm w x 38""/96cm h","SuperShape XLВ® P35 01, 02",https://embed.widencdn.net/img/anagram/hu6yzmxak3/1000px@1x/38152-Stacking-Sugar-Skulls.webp
355,38201, PJ Masks Catboy, 1.27 ft3 (0.036 m3),16.0,6000.0,"21""/53cm w x 37""/93cm h","SuperShape P38 01, 02",https://embed.widencdn.net/img/anagram/parqz0kxsm/1000px@1x/38201-PJ-Masks-Catboy.webp
356,31647, Major League Baseball Shape, 2.16 ft3 (0.061 m3),43.2,10000.0,"25""/63cm w x 23""/58cm h","SuperShape XLВ® P38 01, 02",https://embed.widencdn.net/img/anagram/o1ekt0pd0b/1000px@1x/31647-Major-League-Baseball-Shape.webp
357,38202, PJ Masks Owlette, 1.91 ft3 (0.054 m3),29.2,9000.0,"33""/83cm w x 31""/78cm h","SuperShape P38 01, 02",https://embed.widencdn.net/img/anagram/v2uwzlt9rj/1000px@1x/38202-PJ-Masks-Owlette.webp
358,38203, PJ Masks Gekko, 1.21 ft3 (0.034 m3),18.4,9000.0,"23""/58cm w x 38""/96cm h","SuperShape P38 01, 02",https://embed.widencdn.net/img/anagram/vwdqfrsg41/1000px@1x/38203-PJ-Masks-Gekko.webp
359,39056, Fabulous Birthday Gift, 1.68 ft3 (0.048 m3),26.0,7000.0,"23""/58cm w x 32""/81cm h","SuperShape XLВ® P35 01, 02",https://embed.widencdn.net/img/anagram/sgrhzcynag/1000px@1x/39056-Fabulous-Birthday-Gift.webp
360,39023, Barnyard Birthday, 2.14 ft3 (0.061 m3),39.3,10000.0,"25""/63cm w x 33""/83cm h","SuperShape P35 01, 02",https://embed.widencdn.net/img/anagram/2qlv1frrc8/1000px@1x/39023-Barnyard-Birthday.webp
361,39026, Medieval Shield, 3.44 ft3 (0.097 m3),75.9,10000.0,"25""/63cm w x 27""/68cm h","SuperShape P35 01, 02",https://embed.widencdn.net/img/anagram/kqfhue6kwa/1000px@1x/39026-Medieval-Shield.webp
362,38953, Black Panther, 1.72 ft3 (0.049 m3),24.2,6000.0,"32""/81cm w x 32""/81cm h","SuperShape P38 01, 02",https://embed.widencdn.net/img/anagram/5zqrvcm7ik/1000px@1x/38953-Black-Panther.webp
363,38954, Incredibles 2 Jack Jack, 0.99 ft3 (0.028 m3),13.4,6000.0,"22""/55cm w x 32""/81cm h","SuperShape XLВ® P38 01, 02",https://embed.widencdn.net/img/anagram/w1zimm2lyq/1000px@1x/38954-Incredibles-2-Jack-Jack.webp
364,38473, Birthday Candle, 1.26 ft3 (0.036 m3),18.0,8000.0,"14""/35cm w x 40""/101cm h","SuperShape XLВ® P35 01, 02",https://embed.widencdn.net/img/anagram/wjunvvbv5i/1000px@1x/38473-Birthday-Candle.webp
365,39059, Birthday Satin Heart with Flowers, 2.16 ft3 (0.061 m3),37.6,10000.0,"23""/58cm w x 30""/76cm h","SuperShape P35 01, 02",https://embed.widencdn.net/img/anagram/gkoi0lyub2/1000px@1x/39059-Birthday-Satin-Heart-with-Flowers.webp
366,38872, Harry Potter, 3.44 ft3 (0.097 m3),75.9,10000.0,"27""/68cm w x 25""/63cm h","SuperShape P38 01, 02",https://embed.widencdn.net/img/anagram/m08u7q0hff/1000px@1x/38872-Harry-Potter.webp
367,38695, JoJo Siwa, 1.54 ft3 (0.044 m3),18.7,6000.0,"37""/93cm w x 22""/55cm h",SuperShape XLВ® P38 01,https://embed.widencdn.net/img/anagram/1ns1dzzleh/1000px@1x/38695-JoJo-Siwa.webp
368,38180, Wonder Woman, 1.84 ft3 (0.052 m3),30.6,10000.0,"33""/83cm w x 26""/66cm h","SuperShape XLВ® P38 01, 02",https://embed.widencdn.net/img/anagram/6uq82fuf0z/1000px@1x/38180-Wonder-Woman-Side-1.webp
369,38180, Wonder Woman, 1.84 ft3 (0.052 m3),30.6,10000.0,"33""/83cm w x 26""/66cm h","SuperShape XLВ® P38 01, 02",https://embed.widencdn.net/img/anagram/xku6an3iq2/1000px@1x/38180-Wonder-Woman-Side-2.webp
370,38446, LOL Surprise Diva, 1.52 ft3 (0.043 m3),18.4,6000.0,"27""/68cm w x 34""/86cm h","SuperShape XLВ® P38 01, 02",https://embed.widencdn.net/img/anagram/r9p1altavf/1000px@1x/38446-LOL-Surprise-Diva.webp
371,38472, Colorful Mermaid, 1.49 ft3 (0.042 m3),24.0,10000.0,"29""/73cm w x 30""/76cm h","SuperShape P35 01, 02",https://embed.widencdn.net/img/anagram/6lut6gb0oj/1000px@1x/38472-Colorful-Mermaid.webp
372,26281, Detroit Lions Helmet, 1.25 ft3 (0.035 m3),21.5,10000.0,"21""/53cm w x 17""/43cm h","SuperShape XLВ® P34 01, 02",https://embed.widencdn.net/img/anagram/joda5ng9gy/1000px@1x/26281-Detroit-Lions-Helmet-Left-Side.webp
373,26281, Detroit Lions Helmet, 1.25 ft3 (0.035 m3),21.5,10000.0,"21""/53cm w x 17""/43cm h","SuperShape XLВ® P34 01, 02",https://embed.widencdn.net/img/anagram/wywsrskprp/1000px@1x/26281-Detroit-Lions-Helmet-Right-Side.webp
374,37856, Donut, 1.49 ft3 (0.042 m3),22.3,9000.0,"27""/68cm w x 27""/68cm h","SuperShape P35 01, 02",https://embed.widencdn.net/img/anagram/iyglisgpob/1000px@1x/37856-Donut-Side-2.webp
375,37804, Epic Party Game Controller, 1.78 ft3 (0.050 m3),30.4,10000.0,"28""/71cm w x 18""/45cm h","SuperShape P30 01, 02",https://embed.widencdn.net/img/anagram/uxy6qvolqc/1000px@1x/37804-Epic-Party-Game-Controller.webp
376,37699, Houston Astros Jersey, 2.07 ft3 (0.059 m3),41.3,10000.0,"24""/61cm w x 22""/56cm h","SuperShape XLВ® P34 01, 02",https://embed.widencdn.net/img/anagram/48xllnortv/1000px@1x/37699-Houston-Astros-Jersey.webp
377,37613, Communion Day Girl, 1.10 ft3 (0.031 m3),17.4,8000.0,"20""/50cm w x 31""/78cm h","SuperShape XLВ® P30 01, 02",https://embed.widencdn.net/img/anagram/jv9wp96i83/1000px@1x/37613-Communion-Day-Girl.webp
378,36980, Avanti Quacky Easter, 1.38 ft3 (0.039 m3),21.5,8000.0,"21""/53cm w x 33""/83cm h","SuperShape XLВ® P38 01, 02",https://embed.widencdn.net/img/anagram/shba4etf2x/1000px@1x/36980-Avanti-Quacky-Easter.webp
379,32546, Fun To Be O-N-E Girl,-,0.0,-1.0,"36""/91cm w x 36""/91cm h",Multi-Balloon P75 01,https://embed.widencdn.net/img/anagram/gegdxdjaci/1000px@1x/32546-Fun-To-Be-O-N-E-Girl.webp
380,32547, Fun To Be O-N-E Boy,-,0.0,-1.0,"36""/91cm w x 36""/91cm h",Multi-Balloon P75 01,https://embed.widencdn.net/img/anagram/hdqcmw6yqa/1000px@1x/32547-Fun-To-Be-O-N-E-Boy.webp
381,34682, Dr. Seuss, 1.25 ft3 (0.035 m3),16.6,7000.0,"20""/50cm w x 42""/106cm h","SuperShape XLВ® P38 01, 02",https://embed.widencdn.net/img/anagram/bne1kbnkqc/1000px@1x/34682-Dr.webp
382,34688, Moana, 1.10 ft3 (0.031 m3),12.3,4000.0,"28""/71cm w x 29""/73cm h","SuperShape XLВ® P38 01, 02",https://embed.widencdn.net/img/anagram/ptvkeafdxw/1000px@1x/34688-Moana.webp
383,34843, Pinkie Pie, 1.53 ft3 (0.043 m3),21.0,7500.0,"30""/76cm w x 33""/83cm h","SuperShape XLВ® P38 01, 02",https://embed.widencdn.net/img/anagram/txiscmodk8/1000px@1x/34843-Pinkie-Pie.webp
384,34495, Paw Patrol - Chase, 1.41 ft3 (0.040 m3),19.5,6500.0,"23""/58cm w x 31""/78cm h","SuperShape XLВ® P38 01, 02",https://embed.widencdn.net/img/anagram/cn2fs4exfq/1000px@1x/34495-Paw-Patrol---Chase.webp
385,34269, Paw Patrol Girls, 2.88 ft3 (0.082 m3),63.9,10000.0,"25""/63cm w x 23""/58cm h","SuperShape P38 01, 02",https://embed.widencdn.net/img/anagram/zyu4ifoyjt/1000px@1x/34269-Paw-Patrol-Girls-Side-2.webp
386,34269, Paw Patrol Girls, 2.88 ft3 (0.082 m3),63.9,10000.0,"25""/63cm w x 23""/58cm h","SuperShape P38 01, 02",https://embed.widencdn.net/img/anagram/57fozshcnn/1000px@1x/34269-Paw-Patrol-Girls-Side-1.webp
387,34839, Cookie Monster, 1.53 ft3 (0.043 m3),21.0,7500.0,"23""/58cm w x 35""/88cm h","SuperShape P38 01, 02",https://embed.widencdn.net/img/anagram/ehfofjnedq/1000px@1x/34839-Cookie-Monster.webp
388,34598, Elmo Fun, 1.57 ft3 (0.045 m3),24.5,8000.0,"42""/106cm w x 14""/35cm h","SuperShape XLВ® P38 01, 02",https://embed.widencdn.net/img/anagram/6lmwrksexk/1000px@1x/34598-Elmo-Fun.webp
389,34388, Sesame Street 1st Birthday, 1.30 ft3 (0.037 m3),20.3,10000.0,"19""/48cm w x 28""/71cm h","SuperShape XLВ® P38 01, 02",https://embed.widencdn.net/img/anagram/aimxowz7vn/1000px@1x/34388-Sesame-Street-1st-Brithday.webp
390,34352, Minnie 1st Birthday, 1.30 ft3 (0.037 m3),20.3,10000.0,"19""/48cm w x 28""/71cm h","SuperShape XLВ® P38 01, 02",https://embed.widencdn.net/img/anagram/o8npazjdrz/1000px@1x/34352-Minnie-1st-Birthday.webp
391,34343, Mickey 1st Birthday, 1.30 ft3 (0.037 m3),20.3,10000.0,"19""/48cm w x 28""/71cm h","SuperShape XLВ® P38 01, 02",https://embed.widencdn.net/img/anagram/v1htd3onar/1000px@1x/34343-Mickey-1st-Birthday.webp
392,33529, Ariel Dream Big, 1.38 ft3 (0.039 m3),22.6,10000.0,"28""/71cm w x 34""/86cm h","SuperShape XLВ® P38 01, 02",https://embed.widencdn.net/img/anagram/12di0ldlqk/1000px@1x/33529-Ariel-Dream-Big.webp
393,33215, RAPUNZEL, 1.51 ft3 (0.043 m3),20.0,7000.0,"26""/66cm w x 31""/78cm h","SuperShape XLВ® P38 01, 02",https://embed.widencdn.net/img/anagram/jepz6czpt3/1000px@1x/33215-Rapunzel.webp
394,32647, Election Donkey, 1.26 ft3 (0.036 m3),17.3,6000.0,"28""/71cm w x 32""/81cm h","SuperShape XLВ® P30 01, 02",https://embed.widencdn.net/img/anagram/6aj0zluida/1000px@1x/32647-Election-Donkey.webp
395,32533, Gender Reveal, 1.31 ft3 (0.037 m3),25.3,10000.0,"18""/45cm w x 28""/71cm h","SuperShape XLВ® P35 01, 02",https://embed.widencdn.net/img/anagram/z1kspdvjbx/1000px@1x/32533-Gender-Reveal-Side-2.webp
396,32533, Gender Reveal, 1.31 ft3 (0.037 m3),25.3,10000.0,"18""/45cm w x 28""/71cm h","SuperShape XLВ® P35 01, 02",https://embed.widencdn.net/img/anagram/igzibzrv7w/1000px@1x/32533-Gender-Reveal-Side-1.webp
397,32393, Blaze Shape, 1.83 ft3 (0.052 m3),27.2,8000.0,"34""/86cm w x 28""/71cm h","SuperShape P38 01, 02",https://embed.widencdn.net/img/anagram/as4tv1xwxb/1000px@1x/32393-Blaze-Shape.webp
398,32276, New York Mets Jersey, 2.07 ft3 (0.059 m3),41.3,10000.0,"24""/61cm w x 22""/56cm h","SuperShape XLВ® P34 01, 02",https://embed.widencdn.net/img/anagram/tadli8jiju/1000px@1x/32276-New-York-Mets-Jersey.webp
399,32010, Mario Bros., 1.87 ft3 (0.053 m3),35.4,10000.0,"22""/55cm w x 33""/83cm h","SuperShape XLВ® P38 01, 02",https://embed.widencdn.net/img/anagram/jv8xnaeq2f/1000px@1x/32010-Mario-Bros.webp
400,31652, NHL Stanley Cup, 1.21 ft3 (0.034 m3),16.6,6000.0,"29""/73cm w x 28""/71cm h","SuperShape P38 01, 02",https://embed.widencdn.net/img/anagram/ucpzcwbmd2/1000px@1x/31652-NHL-Stanley-Cup.webp
401,31648, NBA Backboard, 2.10 ft3 (0.059 m3),38.4,10000.0,"26""/66cm w x 26""/66cm h","SuperShape XLВ® P38 01, 02",https://embed.widencdn.net/img/anagram/kibzmz5kv0/1000px@1x/31648-NBA-Backboard.webp
402,31623, Star Wars the Force Awakens Fighter Ships,-,0.0,-1.0,"32""/81cm w x 32""/81cm h",Multi-Balloon P47 01,https://embed.widencdn.net/img/anagram/ouxsav7hka/1000px@1x/31623-Star-Wars-The-Force-Awakens-Fighter-Ships-Photo.webp
403,31621, Star Wars the Force Awakens BB8, 1.75 ft3 (0.050 m3),32.4,10000.0,"20""/50cm w x 33""/83cm h","SuperShape P38 01, 02",https://embed.widencdn.net/img/anagram/rzdpizko85/1000px@1x/31621-Star-Wars-The-Force-Awakens-BB8-Front-Side.webp
404,31621, Star Wars the Force Awakens BB8, 1.75 ft3 (0.050 m3),32.4,10000.0,"20""/50cm w x 33""/83cm h","SuperShape P38 01, 02",https://embed.widencdn.net/img/anagram/iroh1mnbzm/1000px@1x/31621-Star-Wars-The-Force-Awakens-BB8-Back-Side.webp
405,30182, Paw Patrol, 3.44 ft3 (0.097 m3),75.9,10000.0,"25""/63cm w x 27""/68cm h","SuperShape P38 01, 02",https://embed.widencdn.net/img/anagram/5feylpog5e/1000px@1x/30182-Paw-Patrol-Side-2.webp
406,30182, Paw Patrol, 3.44 ft3 (0.097 m3),75.9,10000.0,"25""/63cm w x 27""/68cm h","SuperShape P38 01, 02",https://embed.widencdn.net/img/anagram/azbrgbi7fm/1000px@1x/30182-Paw-Patrol-Side-1.webp
407,29954, Minion Shape, 1.12 ft3 (0.032 m3),19.3,9000.0,"16""/40cm w x 25""/63cm h","SuperShape XLВ® P38 01, 02",https://embed.widencdn.net/img/anagram/lactajtrnl/1000px@1x/29954-Minion-Shape.webp
408,29692, Superman Emblem, 1.69 ft3 (0.048 m3),34.4,10000.0,"26""/66cm w x 20""/50cm h","SuperShape XLВ® P38 01, 02",https://embed.widencdn.net/img/anagram/qnoae8jhue/1000px@1x/29692-Superman-Emblem.webp
409,29460, Pikachu, 1.49 ft3 (0.042 m3),25.4,7500.0,"24.5""/62cm w x 31""/78cm h","SuperShape XLВ® P38 01, 02",https://embed.widencdn.net/img/anagram/brtfz1ty3e/1000px@1x/29460-Pikachu.webp
410,29333, Transformers Animated Shape, 1.40 ft3 (0.040 m3),21.2,7000.0,"32""/81cm w x 35""/88cm h","SuperShape XLВ® P38 01, 02",https://embed.widencdn.net/img/anagram/eaoj2kxgja/1000px@1x/29333-Transformers-Animated-Shape.webp
411,28445, Darth Vader Helmet Black, 2.01 ft3 (0.057 m3),41.8,10000.0,"25""/63cm w x 25""/63cm h","SuperShape XLВ® P38 01, 02",https://embed.widencdn.net/img/anagram/yokhm84wiz/1000px@1x/28445-Darth-Vader-Helmet-Black.webp
412,28473, Princess Belle, 1.96 ft3 (0.055 m3),40.6,8000.0,"24""/60cm w x 39""/99cm h","SuperShape XLВ® P38 01, 02",https://embed.widencdn.net/img/anagram/fut3bz4hof/1000px@1x/28473-Princess-Belle.webp
413,28474, Princess Snow White, 1.45 ft3 (0.041 m3),23.7,7000.0,"24""/60cm w x 37""/93cm h","SuperShape XLВ® P38 01, 02",https://embed.widencdn.net/img/anagram/czy4p8cink/1000px@1x/28474-Princess-Snow-White.webp
414,28475, Princess Sleeping Beauty, 1.93 ft3 (0.055 m3),35.3,10000.0,"23""/58cm w x 34""/86cm h","SuperShape XLВ® P38 01, 02",https://embed.widencdn.net/img/anagram/lmmb9clszl/1000px@1x/28475-Princess-Sleeping-Beauty.webp
415,28162, Disney Frozen, 1.97 ft3 (0.056 m3),27.2,8500.0,"25""/63cm w x 31""/78cm h","SuperShape XLВ® P38 01, 02",https://embed.widencdn.net/img/anagram/pkwcwmds8l/1000px@1x/28162-Disney-Frozen-Side-2.webp
416,28162, Disney Frozen, 1.97 ft3 (0.056 m3),27.2,8500.0,"25""/63cm w x 31""/78cm h","SuperShape XLВ® P38 01, 02",https://embed.widencdn.net/img/anagram/k6gkb5ptlb/1000px@1x/28162-Disney-Frozen-Side-1.webp
417,27810, Jacksonville Jaguars Helmet, 1.25 ft3 (0.035 m3),21.5,10000.0,"21""/53cm w x 17""/43cm h","SuperShape XLВ® P34 01, 02",https://embed.widencdn.net/img/anagram/0enjx5kiqn/1000px@1x/27810-Jacksonville-Jaguars-Helmet-Right-Side.webp
418,27810, Jacksonville Jaguars Helmet, 1.25 ft3 (0.035 m3),21.5,10000.0,"21""/53cm w x 17""/43cm h","SuperShape XLВ® P34 01, 02",https://embed.widencdn.net/img/anagram/nsixbzuakd/1000px@1x/27810-Jacksonville-Jaguars-Helmet-Left-Side.webp
419,26374, Minnie Full Body, 1.64 ft3 (0.046 m3),25.1,8000.0,"19""/48cm w x 32""/81cm h","SuperShape XLВ® P38 01, 02",https://embed.widencdn.net/img/anagram/yw7pp5l4qf/1000px@1x/26374-Minnie-Full-Body.webp
420,26373, Mickey Full Body, 1.66 ft3 (0.047 m3),24.3,9500.0,"22""/55cm w x 31""/78cm h","SuperShape XLВ® P38 01, 02",https://embed.widencdn.net/img/anagram/ygi7ambobl/1000px@1x/26373-Mickey-Full-Body.webp
421,26309, Seattle Seahawks Helmet, 1.25 ft3 (0.035 m3),21.5,10000.0,"21""/53cm w x 17""/43cm h","SuperShape XLВ® P34 01, 02",https://embed.widencdn.net/img/anagram/ji0jbg4mfk/1000px@1x/26309-Seattle-Seahawks-Helmet-Right-Side.webp
422,26309, Seattle Seahawks Helmet, 1.25 ft3 (0.035 m3),21.5,10000.0,"21""/53cm w x 17""/43cm h","SuperShape XLВ® P34 01, 02",https://embed.widencdn.net/img/anagram/8vxzwpxon8/1000px@1x/26309-Seattle-Seahawks-Helmet-Left-Side.webp
423,26308, San Francisco 49ers Helmet, 1.25 ft3 (0.035 m3),21.5,10000.0,"21""/53cm w x 17""/43cm h","SuperShape XLВ® P34 01, 02",https://embed.widencdn.net/img/anagram/ybjgsyyoax/1000px@1x/26308-San-Francisco-49ers-Helmet-Right-Side.webp
424,26308, San Francisco 49ers Helmet, 1.25 ft3 (0.035 m3),21.5,10000.0,"21""/53cm w x 17""/43cm h","SuperShape XLВ® P34 01, 02",https://embed.widencdn.net/img/anagram/vdwltyew4p/1000px@1x/26308-San-Francisco-49ers-Helmet-Left-Side.webp
425,26307, Arizona Cardinals Helmet, 1.25 ft3 (0.035 m3),21.5,10000.0,"21""/53cm w x 17""/43cm h","SuperShape XLВ® P34 01, 02",https://embed.widencdn.net/img/anagram/ctcdhxperk/1000px@1x/26307-Arizona-Cardinals-Helmet-Right-Side.webp
426,26306, San Diego Chargers Helmet, 1.25 ft3 (0.035 m3),21.5,10000.0,"21""/53cm w x 17""/43cm h","SuperShape XLВ® P34 01, 02",https://embed.widencdn.net/img/anagram/avyawg8jre/1000px@1x/26306-San-Diego-Chargers-Helmet-Right-Side.webp
427,26307, Arizona Cardinals Helmet, 1.25 ft3 (0.035 m3),21.5,10000.0,"21""/53cm w x 17""/43cm h","SuperShape XLВ® P34 01, 02",https://embed.widencdn.net/img/anagram/ehuvhnxpvw/1000px@1x/26307-Arizona-Cardinals-Helmet-Left-Side.webp
428,26305, Las Vegas Raiders Helmet, 1.25 ft3 (0.035 m3),21.5,10000.0,"21""/53cm w x 17""/43cm h","SuperShape XLВ® P34 01, 02",https://embed.widencdn.net/img/anagram/x6hhmepy3i/1000px@1x/26305-Las-Vegas-Raiders-Helmet-Left-Side.webp
429,26306, San Diego Chargers Helmet, 1.25 ft3 (0.035 m3),21.5,10000.0,"21""/53cm w x 17""/43cm h","SuperShape XLВ® P34 01, 02",https://embed.widencdn.net/img/anagram/mr4flooz8u/1000px@1x/26306-San-Diego-Chargers-Helmet-Left-Side.webp
430,26305, Las Vegas Raiders Helmet, 1.25 ft3 (0.035 m3),21.5,10000.0,"21""/53cm w x 17""/43cm h","SuperShape XLВ® P34 01, 02",https://embed.widencdn.net/img/anagram/xm0fcyayzh/1000px@1x/26305-Las-Vegas-Raiders-Helmet-Right-Side.webp
431,26303, Denver Broncos Helmet, 1.25 ft3 (0.035 m3),21.5,10000.0,"21""/53cm w x 17""/43cm h","SuperShape XLВ® P34 01, 02",https://embed.widencdn.net/img/anagram/5kw84xmauy/1000px@1x/26303-Denver-Broncos-Helmet-Right-Side.webp
432,26304, Kansas City Chiefs Helmet, 1.25 ft3 (0.035 m3),21.5,10000.0,"21""/53cm w x 17""/43cm h","SuperShape XLВ® P34 01, 02",https://embed.widencdn.net/img/anagram/uffylpink4/1000px@1x/26304-Kansas-City-Chiefs-Helmet-Right-Side.webp
433,23187, Cincinnati Reds Jersey, 2.07 ft3 (0.059 m3),41.3,10000.0,"24""/61cm w x 22""/56cm h","SuperShape XLВ® P34 01, 02",https://embed.widencdn.net/img/anagram/e7jdi2x8jp/1000px@1x/23187-Cincinnati-Reds-Jersey.webp
434,02500, Elmo Head, 0.88 ft3 (0.025 m3),12.2,7500.0,"""/cm w x ""/cm h","SuperShape XLВ® P30 01, 02",https://embed.widencdn.net/img/anagram/wsfsv7gtw4/1000px@1x/02500-Elmo-Head.webp
435,36338, Jurassic World T-Rex, 1.21 ft3 (0.034 m3),15.4,7500.0,"45""/114cm w x 24""/60cm h","SuperShape P38 01, 02",https://embed.widencdn.net/img/anagram/rfkmseplk2/1000px@1x/36338-Jurassic-World-T-Rex.webp
436,36330, Atlanta Braves Jersey, 2.07 ft3 (0.059 m3),41.3,10000.0,"24""/61cm w x 22""/56cm h","SuperShape XLВ® P34 01, 02",https://embed.widencdn.net/img/anagram/z7gqvhhfzc/1000px@1x/36330-Atlanta-Braves-Jersey.webp
437,34665, Spider-Man, 1.91 ft3 (0.054 m3),35.4,10000.0,"17""/43cm w x 29""/73cm h","SuperShape XLВ® P38 01, 02",https://embed.widencdn.net/img/anagram/kyrxokpkyk/1000px@1x/34665-Spider-Man.webp
438,M6398,9 SpongeBob SquarePants, 0.85 ft3 (0.024 m3),10.7,6000.0,"""/cm w x ""/cm h","SuperShape P38 01, 02",https://embed.widencdn.net/img/anagram/x07fafe6xk/1000px@1x/M63989-SpongeBob-SquarePants.webp
439,M6195,9 Buzz Full-Body, 1.24 ft3 (0.035 m3),16.8,8500.0,"24""/61cm w x 35""/89cm h","SuperShape XLВ® P40 01, 02",https://embed.widencdn.net/img/anagram/3aq9pvnq6c/1000px@1x/M61959-Buzz-Full-Body.webp
440,08335, Big as Life Pooh,-,0.0,0.0,"""/cm w x ""/cm h","SuperShape XLВ® P38 01, 02",https://embed.widencdn.net/img/anagram/atlmn9x6wx/1000px@1x/08335-Big-as-Life-Pooh.webp
441,36501, Avanti Penguin, 2.15 ft3 (0.061 m3),45.6,10000.0,"19""/48cm w x 27""/68cm h","SuperShape P38 01, 02",https://embed.widencdn.net/img/anagram/pfcxqhquly/1000px@1x/36501-Avanti-Penguin.webp
442,36160, Minions Stacker,-,0.0,0.0,"40""/101cm w x 61""/154cm h",Multi-Balloon P75 01,https://embed.widencdn.net/img/anagram/9wfipdri6m/1000px@1x/36160-Minions-Stacker-Back-Side.webp
443,36160, Minions Stacker,-,0.0,0.0,"40""/101cm w x 61""/154cm h",Multi-Balloon P75 01,https://embed.widencdn.net/img/anagram/fr4ajv2r5t/1000px@1x/36160-Minions-Stacker-Front-Side.webp
444,35370, Cars Lightning McQueen, 2.32 ft3 (0.066 m3),47.5,10000.0,"30""/76cm w x 17""/43cm h","SuperShape XLВ® P38 01, 02",https://embed.widencdn.net/img/anagram/8budhs0gqe/1000px@1x/35370-Cars-Lightning-McQueen.webp
445,31302, Interlocking Hearts,-,0.0,-1.0,"53""/134cm w x 36""/91cm h",Multi-Balloon P70 01,https://embed.widencdn.net/img/anagram/cyqjsfujr9/1000px@1x/31302-Interlocking-Hearts.webp
446,32839, Congrats GRAD Star,-,0.0,-1.0,"36""/91cm w x 36""/91cm h",Multi-Balloon P75 01,https://embed.widencdn.net/img/anagram/lmozecndvf/1000px@1x/32839-Congrats-GRAD-Star.webp
447,32844, World's Best M-O-M!,-,0.0,-1.0,"36""/91cm w x 36""/91cm h",Multi-Balloon P75 01,https://embed.widencdn.net/img/anagram/dewq4w3iyh/1000px@1x/32844-Worlds-Best-M-O-M.webp
448,32155, Sparkling Birthday 60,-,0.0,-1.0,"36""/91cm w x 36""/91cm h",Holographic Multi-Balloon P75 01,https://embed.widencdn.net/img/anagram/akkehhqaor/1000px@1x/32155-Sparkling-Birthday-60.webp
449,32153, Sparkling Birthday 50,-,0.0,-1.0,"36""/91cm w x 36""/91cm h",Holographic Multi-Balloon P75 01,https://embed.widencdn.net/img/anagram/uxrqdjuqyh/1000px@1x/32153-Sparkling-Birthday-50.webp
450,32152, Sparkling Birthday 40,-,0.0,-1.0,"36""/91cm w x 36""/91cm h",Holographic Multi-Balloon P75 01,https://embed.widencdn.net/img/anagram/wimv9o4vku/1000px@1x/32152-Sparkling-Birthday-40.webp
451,39807, Princess Once Upon A Time,-,0.0,0.0,"35""/88cm w x 55""/139cm h",AirWalkersВ® P93 01,https://embed.widencdn.net/img/anagram/ixoulsgf7y/1000px@1x/39807-Princess-Once-Upon-A-Time-Side-2.webp
452,39517, Toy Story 4 Buzz Lightyear,-,-,-,"44""/111cm w x 62""/157cm h",AirWalkersВ® P93 01,https://embed.widencdn.net/img/anagram/jyhqe2saer/1000px@1x/39517-Toy-Story-4-Buzz-Lightyear-Front.jpg
453,39517, Toy Story 4 Buzz Lightyear,-,-,-,"44""/111cm w x 62""/157cm h",AirWalkersВ® P93 01,https://embed.widencdn.net/img/anagram/hiagvdmu7n/1000px@1x/39517-Toy-Story-4-Buzz-Lightyear-Back.jpg
454,37277, Magical Unicorn, 3.31 ft3 (0.094 m3),0.0,0.0,"42""/106cm w x 46""/116cm h",AirWalkersВ® P93 01,https://embed.widencdn.net/img/anagram/wl9sn8spxw/1000px@1x/37277-Magical-Unicorn.webp
455,39078, Llama,-,0.0,0.0,"38""/96cm w x 58""/147cm h",AirWalkersВ® P93 01,https://embed.widencdn.net/img/anagram/q9ojmmnzu4/1000px@1x/39078-Llama.webp
456,39077, Flamingo,-,0.0,0.0,"34""/86cm w x 68""/172cm h",AirWalkersВ® P93 01,https://embed.widencdn.net/img/anagram/xagdhwddu2/1000px@1x/39077-Flamingo.webp
457,34654, Trolls Poppy, 2.19 ft3 (0.062 m3),0.0,0.0,"23""/58cm w x 58""/147cm h",AirWalkersВ® P93 01,https://embed.widencdn.net/img/anagram/u4cjryl5sg/1000px@1x/34654-Trolls-Poppy-Front-Side.webp
458,38911, Rise of the TMNT Raphael,-,0.0,0.0,"47""/119cm w x 54""/137cm h",AirWalkersВ® P93 01,https://embed.widencdn.net/img/anagram/ez1vvnz7m7/1000px@1x/38911-Rise-of-the-TMNT-Raphael.webp
459,34654, Trolls Poppy, 2.19 ft3 (0.062 m3),0.0,0.0,"23""/58cm w x 58""/147cm h",AirWalkersВ® P93 01,https://embed.widencdn.net/img/anagram/cpgc2ido3s/1000px@1x/34654-Trolls-Poppy-Back-Side.webp
460,36324, Spider-Man,-,0.0,0.0,"36""/91cm w x 36""/91cm h",AirWalkersВ® P93 01,https://embed.widencdn.net/img/anagram/iv6wfdnays/1000px@1x/36324-Spider-Man.webp
461,34085, Party Pups, 3.58 ft3 (0.101 m3),0.0,0.0,"27""/68cm w x 53""/134cm h",AirWalkersВ® P93 01,https://embed.widencdn.net/img/anagram/tsjglgv4gq/1000px@1x/34085-Party-Pups-Front-View.webp
462,A1100,87 Elsa the Snow Queen, 3.22ft3 (0.091 m3),0.0,0.0,"35""/88cm w x 57""/144cm h",AirWalkersВ® P93 01,https://embed.widencdn.net/img/anagram/ola3bmcbrr/1000px@1x/A110087-Elsa-the-Snow-Queen.webp
463,A1100,67 Star Wars R2D2, 4.31ft3 (0.122 m3),0.0,-1.0,"34""/86cm w x 38""/96cm h",AirWalkersВ® P93 01,https://embed.widencdn.net/img/anagram/hqaciqj8eo/1000px@1x/A110067-Star-Wars-R2D2.webp
464,35139, Happy Birthday Bursts, 3.13 ft3 (0.089 m3),69.2,10000.0,"31""/78cm w x 70""/177cm h",Coil Tail AirwalkersВ® XLВ® P70 99,https://embed.widencdn.net/img/anagram/gtswu6enid/1000px@1x/35139-Happy-Birthday-Bursts.webp
465,35140, Birthday Party, 4.09 ft3 (0.116 m3),92.9,10000.0,"31""/78cm w x 70""/177cm h",Coil Tail AirwalkersВ® XLВ® P70 99,https://embed.widencdn.net/img/anagram/sjwn2nuczs/1000px@1x/35140-Birthday-Party.webp
466,34084, Pikachu, 4.19 ft3 (0.119 m3),0.0,0.0,"52""/132cm w x 55""/139cm h",AirWalkersВ® P93 01,https://embed.widencdn.net/img/anagram/kimolqabqy/1000px@1x/34084-Pikachu-Back-View.webp
467,34084, Pikachu, 4.19 ft3 (0.119 m3),0.0,0.0,"52""/132cm w x 55""/139cm h",AirWalkersВ® P93 01,https://embed.widencdn.net/img/anagram/zrxqrdrdgy/1000px@1x/34084-Pikachu-Front-View.webp
468,34331, Minnie Mouse,-,0.0,0.0,"38""/96cm w x 54""/137cm h",AirWalkersВ® P80 01,https://embed.widencdn.net/img/anagram/4nplxlwnpv/1000px@1x/34331-Minnie-Mouse.webp
469,34085, Party Pups, 3.58 ft3 (0.101 m3),0.0,0.0,"27""/68cm w x 53""/134cm h",AirWalkersВ® P93 01,https://embed.widencdn.net/img/anagram/xtb07uh5l5/1000px@1x/34085-Party-Pups-Side-View.webp
470,32317, Mario Bros., 4.4ft3 (0.125 m3),0.0,0.0,"36""/91cm w x 60""/152cm h",AirWalkersВ® P93 01,https://embed.widencdn.net/img/anagram/tvwmqymztl/1000px@1x/32317-Mario-Bros-Front-Side.webp
471,32317, Mario Bros., 4.4ft3 (0.125 m3),0.0,0.0,"36""/91cm w x 60""/152cm h",AirWalkersВ® P93 01,https://embed.widencdn.net/img/anagram/cavffcrvvp/1000px@1x/32317-Mario-Bros-Back-Side.webp
472,32316, Peppa Pig, 3.69ft3 (0.105 m3),0.0,-1.0,"36""/91cm w x 48""/121cm h",AirWalkersВ® P93 01,https://embed.widencdn.net/img/anagram/fypluwil9l/1000px@1x/32316-Peppa-Pig.webp
473,32078, Red & Silver HVD, 3.81 ft3 (0.108 m3),86.6,10000.0,"36""/91cm w x 68""/172cm h",Coil Tail AirwalkersВ® XLВ® P60 99,https://embed.widencdn.net/img/anagram/4zj5aahryb/1000px@1x/32078-Red--Silver-HVD.webp
474,23479, Batman, 4.78 ft3 (0.135 m3),0.0,0.0,"36""/91cm w x 44""/111cm h",AirWalkersВ® P93 01,https://embed.widencdn.net/img/anagram/wlvwfous1n/1000px@1x/23479-Batman.webp
475,36337, Jurassic World T-Rex,-,0.0,0.0,"68""/172cm w x 61""/154cm h",AirWalkersВ® P93 01,https://embed.widencdn.net/img/anagram/nvx8gvqpl6/1000px@1x/36337-Jurassic-World-T-Rex.webp
476,08342, BUGS BUNNY, 2.25ft3 (0.064 m3),0.0,0.0,"""/cm w x ""/cm h",AirWalkersВ® P80 01,https://embed.widencdn.net/img/anagram/3kjxzvn5dx/1000px@1x/08342-Bugs-Bunny.webp
477,08318, Mickey, 2.79 ft3 (0.079 m3),0.0,0.0,"38""/96cm w x 52""/132cm h",AirWalkersВ® P80 01,https://embed.widencdn.net/img/anagram/d0sseoddpg/1000px@1x/08318-Mickey.webp
478,34679, PJ Masks, 4.30 ft3 (0.122 m3),0.0,0.0,"57""/144cm w x 50""/127cm h",AirWalkersВ® P93 01,https://embed.widencdn.net/img/anagram/qjhmmtrr7k/1000px@1x/34679-PJ-Masks-Side-1.webp
479,23486, Elmo, 3.16ft3 (0.089 m3),0.0,7000.0,"38""/97cm w x 54""/137cm h",AirWalkersВ® P93 01,https://embed.widencdn.net/img/anagram/pskziplu9j/1000px@1x/23486-Elmo.webp
480,A1102,43 Paw Patrol Chase, 3.80 ft3 (0.108 m3),0.0,-1.0,"37""/93cm w x 54""/137cm h",AirWalkersВ® P93 01,https://embed.widencdn.net/img/anagram/zqh7edjakb/1000px@1x/A110243-Paw-Patrol-Chase.webp
481,30401, Storm Trooper, 5.31ft3 (0.15 m3),0.0,-1.0,"33""/83cm w x 70""/177cm h",AirWalkersВ® P93 01,https://embed.widencdn.net/img/anagram/fjnvbcx72n/1000px@1x/30401-Storm-Trooper.webp
